p_nominal_anom,p_robust_anom,nominal_flag,robust_flag,gate_label
-2.1327817,-3.7183428,0,0,Nominal
-3.8252828,-3.8144393,0,0,Nominal
-3.3911304,-1.827614,0,0,Nominal
2.8093476,1.835479,1,1,Anomaly
-5.35767,-4.1919975,0,0,Nominal
-4.531437,-3.7079391,0,0,Nominal
-8.576457,-5.7446012,0,0,Nominal
-6.736494,-7.807667,0,0,Nominal
-0.76377153,-1.2016488,0,0,Nominal
-6.5728636,-7.1380086,0,0,Nominal
-4.945467,-4.2001514,0,0,Nominal
-8.790261,-7.748989,0,0,Nominal
-5.080718,-3.5968823,0,0,Nominal
12.86681,8.182848,1,1,Anomaly
-4.9288855,-4.495695,0,0,Nominal
-7.492091,-7.6977606,0,0,Nominal
-5.0355415,-3.145599,0,0,Nominal
-3.4044168,-3.0399876,0,0,Nominal
-5.1334963,-4.600959,0,0,Nominal
-4.202627,-5.191021,0,0,Nominal
-4.09451,-3.4356966,0,0,Nominal
11.099149,3.6310992,1,1,Anomaly
-14.204883,-6.6023827,0,0,Nominal
-4.9457445,-3.9983854,0,0,Nominal
46.152637,29.486418,1,1,Anomaly
-7.8841305,-4.713774,0,0,Nominal
-4.628373,-4.1103992,0,0,Nominal
-0.51954013,-1.0801281,0,0,Nominal
-8.905132,-8.3958235,0,0,Nominal
-3.4795914,-2.6920762,0,0,Nominal
-6.0023956,-5.7691603,0,0,Nominal
-4.9680843,-3.0934925,0,0,Nominal
-4.761485,0.25270587,0,1,AttackFlag
-5.4001493,-4.3304067,0,0,Nominal
11.346775,8.914382,1,1,Anomaly
-6.823083,-6.039959,0,0,Nominal
-5.1223173,-4.473439,0,0,Nominal
-7.9041405,-9.481798,0,0,Nominal
5.158842,4.511577,1,1,Anomaly
-4.7283783,-3.984641,0,0,Nominal
-7.7784824,-6.895257,0,0,Nominal
-4.503701,-3.2724223,0,0,Nominal
-5.1456223,-3.767581,0,0,Nominal
-5.6896286,-6.3062687,0,0,Nominal
-4.5746746,-2.8493648,0,0,Nominal
-6.4806395,-4.749567,0,0,Nominal
-4.616825,-2.8767514,0,0,Nominal
-7.2865715,-10.310464,0,0,Nominal
-6.4131975,-4.863547,0,0,Nominal
-4.8166447,-3.3092794,0,0,Nominal
-4.343258,-4.2610574,0,0,Nominal
-10.172746,-11.267792,0,0,Nominal
-5.122903,-4.3459425,0,0,Nominal
-4.064951,-2.9631543,0,0,Nominal
-1.630714,13.615094,0,1,AttackFlag
-3.1401236,-2.6262355,0,0,Nominal
-4.3916016,-4.2769737,0,0,Nominal
-3.6618662,-3.8707247,0,0,Nominal
3.2788336,-2.7690272,1,0,Nominal
22.76777,11.7992,1,1,Anomaly
-9.21404,-6.51923,0,0,Nominal
-2.4126387,-2.1697984,0,0,Nominal
-4.862033,-2.9038277,0,0,Nominal
7.5302525,6.5717077,1,1,Anomaly
-8.460109,-5.4280624,0,0,Nominal
-13.320247,-11.60052,0,0,Nominal
-3.1415308,-2.5208597,0,0,Nominal
-11.665658,-8.726016,0,0,Nominal
-8.375558,-10.662256,0,0,Nominal
-3.9982245,-3.512329,0,0,Nominal
-5.016857,-3.1785703,0,0,Nominal
-4.799947,-2.9247136,0,0,Nominal
-5.9490967,-4.35187,0,0,Nominal
7.6528883,5.7058177,1,1,Anomaly
-3.0430796,-2.6617947,0,0,Nominal
-4.5811424,-3.16007,0,0,Nominal
-8.650796,-6.5451736,0,0,Nominal
-4.6772013,-4.230734,0,0,Nominal
-4.6529493,-3.101234,0,0,Nominal
-4.1670723,-3.9537473,0,0,Nominal
-1.8180062,-1.8804797,0,0,Nominal
-7.5844193,-6.171693,0,0,Nominal
-2.6659415,-2.8556519,0,0,Nominal
-1.6144657,-1.5803517,0,0,Nominal
-11.111042,-8.098462,0,0,Nominal
-4.4958277,-3.9816399,0,0,Nominal
-10.631448,-7.244746,0,0,Nominal
-5.2030077,-3.1275244,0,0,Nominal
-3.7532456,-2.9819326,0,0,Nominal
-2.8315845,-2.7370353,0,0,Nominal
-8.289155,-7.1114855,0,0,Nominal
-4.617037,-2.836196,0,0,Nominal
2.1563013,0.5967729,1,1,Anomaly
-11.408442,-17.83558,0,0,Nominal
41.193848,25.57763,1,1,Anomaly
31.754473,4.9696426,1,1,Anomaly
-4.7828074,-4.1344943,0,0,Nominal
-3.5995035,-6.513414,0,0,Nominal
-4.8219156,-4.4139423,0,0,Nominal
-0.2783823,-1.1572585,0,0,Nominal
-2.6951056,-2.74548,0,0,Nominal
14.355346,11.326479,1,1,Anomaly
3.7363803,3.3430223,1,1,Anomaly
-4.972952,-4.0749435,0,0,Nominal
-5.245675,-3.774022,0,0,Nominal
-7.4799395,-6.011324,0,0,Nominal
-4.130066,-3.6985135,0,0,Nominal
-4.5285406,-5.302374,0,0,Nominal
-12.012188,-11.836476,0,0,Nominal
-5.911106,-4.070987,0,0,Nominal
-10.416949,-7.305676,0,0,Nominal
-5.031084,-4.4857836,0,0,Nominal
-4.4330006,-3.234192,0,0,Nominal
12.067119,9.9517565,1,1,Anomaly
-5.225712,-5.550805,0,0,Nominal
34.710796,4.4259834,1,1,Anomaly
-5.3998556,-3.552462,0,0,Nominal
-4.6311855,-4.267001,0,0,Nominal
-7.0476427,-7.1667356,0,0,Nominal
-13.0581665,-10.475856,0,0,Nominal
-3.4247334,-7.4361935,0,0,Nominal
-5.067464,-8.689349,0,0,Nominal
-3.9878232,-3.4647741,0,0,Nominal
-4.478281,-1.8411242,0,0,Nominal
-6.2325335,-4.9880295,0,0,Nominal
92.475136,5.425111,1,1,Anomaly
-4.743806,-4.078353,0,0,Nominal
-3.7949061,-2.6584015,0,0,Nominal
-7.6627026,-7.7538843,0,0,Nominal
3.3593292,3.4816484,1,1,Anomaly
28.311028,18.339367,1,1,Anomaly
-4.237403,-3.3603735,0,0,Nominal
-3.639878,-3.205039,0,0,Nominal
-0.5484778,-1.8476223,0,0,Nominal
-5.4756155,-4.748003,0,0,Nominal
-8.230342,-12.20367,0,0,Nominal
2.8034854,3.8803353,1,1,Anomaly
-3.7715523,-3.3650537,0,0,Nominal
-5.2186594,-5.342972,0,0,Nominal
0.26927865,1.3353165,0,1,AttackFlag
-4.896858,-3.2109609,0,0,Nominal
-4.614073,-3.3150802,0,0,Nominal
-3.794165,-3.255515,0,0,Nominal
-5.223977,-4.2964973,0,0,Nominal
-4.8441305,-4.4185247,0,0,Nominal
3.8387964,3.329207,1,1,Anomaly
-4.7424955,-3.1190462,0,0,Nominal
-3.728563,-3.0866356,0,0,Nominal
-5.000495,-7.0362325,0,0,Nominal
-4.7669783,-3.8626184,0,0,Nominal
-4.9766684,-3.2454762,0,0,Nominal
-7.4507656,-6.695906,0,0,Nominal
-5.004384,-3.3357391,0,0,Nominal
-5.662613,-5.0294333,0,0,Nominal
-2.8971384,-2.588533,0,0,Nominal
-12.432673,-10.28905,0,0,Nominal
1.3041334,-1.2810915,1,0,Nominal
-5.14802,-3.571508,0,0,Nominal
-3.8182065,-3.576991,0,0,Nominal
-3.2585447,-2.6605768,0,0,Nominal
-4.464266,-4.2778416,0,0,Nominal
-6.3577805,-7.5838633,0,0,Nominal
-4.182666,-3.2597847,0,0,Nominal
-5.762886,-5.7768936,0,0,Nominal
-4.900466,-3.9226966,0,0,Nominal
-4.742341,-3.3023324,0,0,Nominal
-9.237773,-7.039376,0,0,Nominal
-5.159601,-3.1945562,0,0,Nominal
-4.662937,-4.366214,0,0,Nominal
-4.132352,-4.027461,0,0,Nominal
0.7633421,0.73179656,1,1,Anomaly
-2.7215288,-3.4715848,0,0,Nominal
7.268265,1.6023321,1,1,Anomaly
-4.730482,-3.279779,0,0,Nominal
-4.989292,-4.4952927,0,0,Nominal
-6.521286,-4.732611,0,0,Nominal
-3.7278025,-4.236068,0,0,Nominal
-5.00782,-4.4557104,0,0,Nominal
-5.919057,-4.27356,0,0,Nominal
-4.064624,-3.5892425,0,0,Nominal
3.8999202,5.108157,1,1,Anomaly
-4.70358,-3.9179997,0,0,Nominal
-4.9841423,-3.2121902,0,0,Nominal
-9.779868,-6.7261066,0,0,Nominal
-3.8681016,-3.29503,0,0,Nominal
-9.780884,-7.393178,0,0,Nominal
-6.8034096,-8.576317,0,0,Nominal
-3.6356738,-3.0248966,0,0,Nominal
-4.570899,-4.2887874,0,0,Nominal
-4.2747955,-3.2906237,0,0,Nominal
-5.6944017,-5.4408884,0,0,Nominal
-5.607835,0.56226754,0,1,AttackFlag
-4.8557663,-4.3269024,0,0,Nominal
-7.2857285,-10.170394,0,0,Nominal
29.655928,14.928067,1,1,Anomaly
-4.529439,-4.240071,0,0,Nominal
19.49738,12.953656,1,1,Anomaly
-4.384651,-3.9364576,0,0,Nominal
6.2246056,4.0222425,1,1,Anomaly
17.160185,8.933822,1,1,Anomaly
-3.6849086,-3.090394,0,0,Nominal
-3.1029108,-2.502637,0,0,Nominal
13.966017,10.85882,1,1,Anomaly
-4.252453,-3.753572,0,0,Nominal
-9.219159,-8.668558,0,0,Nominal
-10.166926,-15.078338,0,0,Nominal
-4.3048058,-3.0617442,0,0,Nominal
-5.184372,-3.3405743,0,0,Nominal
-5.1195364,-4.056139,0,0,Nominal
-6.470957,-7.1392355,0,0,Nominal
-4.5159407,-3.090898,0,0,Nominal
-8.670917,-9.570878,0,0,Nominal
2.199557,1.800684,1,1,Anomaly
-4.781905,-4.032752,0,0,Nominal
2.9281623,1.9158013,1,1,Anomaly
-5.5309944,-4.578413,0,0,Nominal
-6.3637266,-5.538705,0,0,Nominal
-4.874892,-4.188154,0,0,Nominal
-5.5138845,-2.3223643,0,0,Nominal
-11.383377,-9.416335,0,0,Nominal
-4.3505116,-2.634345,0,0,Nominal
-5.0356464,-3.240312,0,0,Nominal
-3.3930805,-2.2893696,0,0,Nominal
-9.159487,-9.566066,0,0,Nominal
16.120209,12.232446,1,1,Anomaly
-4.5437365,-3.35566,0,0,Nominal
-4.470497,-3.4879465,0,0,Nominal
-5.488861,-3.7636223,0,0,Nominal
-6.8524103,-7.940814,0,0,Nominal
-5.290118,-4.575921,0,0,Nominal
-4.795744,-4.2439246,0,0,Nominal
-8.113259,-5.4764194,0,0,Nominal
-3.8455768,-1.2079284,0,0,Nominal
-5.588292,-4.509215,0,0,Nominal
-4.991954,-4.0702085,0,0,Nominal
24.614202,14.7049675,1,1,Anomaly
-4.386983,-3.3538723,0,0,Nominal
-3.5340354,-2.9970489,0,0,Nominal
-6.29603,-5.5449147,0,0,Nominal
-5.6730595,-3.7329702,0,0,Nominal
-6.358819,-4.2983017,0,0,Nominal
-7.2211456,-9.05161,0,0,Nominal
-4.448719,-4.343177,0,0,Nominal
-4.0543556,-2.9875607,0,0,Nominal
-0.67287964,-1.0717424,0,0,Nominal
-4.519603,-4.1144123,0,0,Nominal
-4.4961834,-4.3177557,0,0,Nominal
-4.9206057,-4.3806486,0,0,Nominal
-5.7214146,-4.790407,0,0,Nominal
-4.6243753,-2.964088,0,0,Nominal
6.8775377,6.1033416,1,1,Anomaly
-3.2012348,-3.9479456,0,0,Nominal
-5.6612625,-3.6662645,0,0,Nominal
-7.2742662,-6.3866253,0,0,Nominal
-7.985675,-6.512065,0,0,Nominal
-6.846546,-5.7167835,0,0,Nominal
-2.601737,-4.63826,0,0,Nominal
-4.333205,-4.160778,0,0,Nominal
-3.9250047,-3.4299169,0,0,Nominal
0.27971232,-0.5764585,0,0,Nominal
6.833331,6.59815,1,1,Anomaly
-9.643937,-13.311687,0,0,Nominal
-2.1199548,-6.8088713,0,0,Nominal
-4.6225977,-4.277384,0,0,Nominal
-3.0765295,-2.8285418,0,0,Nominal
-2.8728096,-5.5855713,0,0,Nominal
-4.564968,-4.092202,0,0,Nominal
-3.2682722,-2.9219317,0,0,Nominal
-8.053767,-7.887621,0,0,Nominal
-4.835951,-3.9868898,0,0,Nominal
-2.786716,-3.1768794,0,0,Nominal
-4.754897,-3.8688383,0,0,Nominal
-3.5959725,-2.9074159,0,0,Nominal
-0.97038203,-1.4250835,0,0,Nominal
-3.3021855,-4.207032,0,0,Nominal
-4.427556,-4.2755575,0,0,Nominal
-5.804454,-8.6450405,0,0,Nominal
-8.998811,-6.094841,0,0,Nominal
-4.301695,-3.1713696,0,0,Nominal
-7.080805,-9.723758,0,0,Nominal
18.645973,9.044524,1,1,Anomaly
-4.698125,-3.2407389,0,0,Nominal
-5.3553696,-4.603843,0,0,Nominal
0.23543775,-0.6475074,0,0,Nominal
-4.80179,-3.0640006,0,0,Nominal
-4.530615,-3.066444,0,0,Nominal
-2.6707346,-2.4710288,0,0,Nominal
-9.071727,-7.9520836,0,0,Nominal
-8.751065,-11.378301,0,0,Nominal
53.833057,-16.841784,1,0,Nominal
-4.774747,-4.3779626,0,0,Nominal
-1.4771281,-1.4695445,0,0,Nominal
-4.80947,-4.0649347,0,0,Nominal
27.49044,16.462776,1,1,Anomaly
-4.4905977,-5.4661274,0,0,Nominal
-5.697358,-5.9137926,0,0,Nominal
9.300239,5.0322013,1,1,Anomaly
-5.7571344,-7.0306063,0,0,Nominal
-10.551155,-7.8446074,0,0,Nominal
-4.951376,-2.8669271,0,0,Nominal
-5.208576,-4.861925,0,0,Nominal
-4.9943733,-3.3186111,0,0,Nominal
-6.04117,-3.8538451,0,0,Nominal
13.94509,9.282336,1,1,Anomaly
-8.324859,-5.55921,0,0,Nominal
-6.998686,-6.5535555,0,0,Nominal
-4.165906,-3.4776673,0,0,Nominal
-7.066164,-6.2228584,0,0,Nominal
-4.7286987,-4.322735,0,0,Nominal
-3.3652964,-2.8134933,0,0,Nominal
-3.2593696,-2.8568635,0,0,Nominal
-5.4908047,-2.9878063,0,0,Nominal
-4.2422266,-3.317182,0,0,Nominal
-5.147393,-3.5661845,0,0,Nominal
-4.528305,-4.2819467,0,0,Nominal
-4.79255,-4.3887944,0,0,Nominal
-4.4736786,-3.161121,0,0,Nominal
-4.25119,-3.0839891,0,0,Nominal
-3.190781,-2.8516874,0,0,Nominal
-6.125391,-7.3587346,0,0,Nominal
-5.4220896,-6.2810907,0,0,Nominal
-4.5245924,-4.324988,0,0,Nominal
-4.32504,-3.3628006,0,0,Nominal
-4.499646,-3.90035,0,0,Nominal
-4.7738533,-3.185154,0,0,Nominal
-4.558881,-2.966683,0,0,Nominal
12.847085,9.669071,1,1,Anomaly
-3.3564317,-3.3868022,0,0,Nominal
-2.903424,-2.8045397,0,0,Nominal
1.3698163,1.2077649,1,1,Anomaly
-10.700395,-10.035415,0,0,Nominal
-4.2469797,-4.085053,0,0,Nominal
-6.453925,-8.813527,0,0,Nominal
-6.3406763,-5.5857563,0,0,Nominal
-2.16725,-1.6489693,0,0,Nominal
-4.301033,-3.119997,0,0,Nominal
-3.0273712,-5.1723056,0,0,Nominal
-6.9436474,-6.5988374,0,0,Nominal
-5.4626207,-5.099137,0,0,Nominal
-7.8827496,-6.5069017,0,0,Nominal
-5.1904993,-3.672974,0,0,Nominal
-3.5875075,-2.897521,0,0,Nominal
-4.639862,-3.3008227,0,0,Nominal
-4.9986906,-4.007325,0,0,Nominal
-5.574294,-6.2796016,0,0,Nominal
15.275217,12.946187,1,1,Anomaly
-2.0809495,-1.7103579,0,0,Nominal
-5.8062706,-10.261708,0,0,Nominal
22.047615,14.701733,1,1,Anomaly
-8.504,-11.894613,0,0,Nominal
-2.109889,-4.1132507,0,0,Nominal
-4.4254427,-2.9981275,0,0,Nominal
-4.9268484,-4.3102093,0,0,Nominal
-4.456107,-3.1527386,0,0,Nominal
-10.312987,-9.73364,0,0,Nominal
-5.610631,-3.8914318,0,0,Nominal
-6.4085445,-5.930679,0,0,Nominal
-6.2233744,-5.5310783,0,0,Nominal
-4.641019,-3.781054,0,0,Nominal
-6.53858,-5.4962926,0,0,Nominal
-4.651021,-4.2678595,0,0,Nominal
-9.008518,-11.606143,0,0,Nominal
-5.1902237,-2.9521418,0,0,Nominal
-5.2231665,-4.1162024,0,0,Nominal
16.617134,11.609586,1,1,Anomaly
-5.8908596,-7.204837,0,0,Nominal
-4.443452,-4.0697136,0,0,Nominal
-5.213647,-4.5492897,0,0,Nominal
-4.214551,-3.4770222,0,0,Nominal
7.7999754,4.5621963,1,1,Anomaly
-0.81232625,-1.5241767,0,0,Nominal
-6.2069674,-6.1916046,0,0,Nominal
-4.7773046,-3.2304368,0,0,Nominal
-4.7107544,-3.1811852,0,0,Nominal
20.16467,13.39187,1,1,Anomaly
-4.80392,-3.212831,0,0,Nominal
-8.020419,-5.55253,0,0,Nominal
-4.998479,-4.3610883,0,0,Nominal
-7.6148996,-7.493557,0,0,Nominal
-1.0022385,-1.7007114,0,0,Nominal
-2.9448583,-4.317816,0,0,Nominal
-5.017495,-4.121859,0,0,Nominal
1.0589983,-1.2664105,1,0,Nominal
-4.1070595,-3.227078,0,0,Nominal
10.563734,6.609536,1,1,Anomaly
27.261053,18.822794,1,1,Anomaly
-3.253979,-2.6568322,0,0,Nominal
-3.3267207,-3.8678074,0,0,Nominal
20.18253,10.274311,1,1,Anomaly
-7.9098597,-6.9338408,0,0,Nominal
-8.477261,-6.8720427,0,0,Nominal
-4.734809,-2.8036013,0,0,Nominal
-2.076573,-4.563648,0,0,Nominal
-4.927988,-4.411957,0,0,Nominal
-5.8322496,-4.409776,0,0,Nominal
-3.583763,-3.0839381,0,0,Nominal
-4.725301,-3.2756495,0,0,Nominal
-4.6932287,-3.445529,0,0,Nominal
-6.7255774,-7.4028993,0,0,Nominal
1.109013,0.03510666,1,0,Nominal
-5.2935705,-3.3540988,0,0,Nominal
-4.7293386,-5.010722,0,0,Nominal
-8.561545,-7.296093,0,0,Nominal
2.7577732,3.1810684,1,1,Anomaly
1.3138683,-1.4703099,1,0,Nominal
-4.2518225,-3.1554213,0,0,Nominal
-5.087064,-3.211145,0,0,Nominal
-4.265971,-3.6784725,0,0,Nominal
-7.0547895,-6.6410184,0,0,Nominal
-2.3766248,-1.8758429,0,0,Nominal
11.547172,5.469282,1,1,Anomaly
-3.6452098,-4.141563,0,0,Nominal
-4.866211,-6.042469,0,0,Nominal
7.89287,3.8162599,1,1,Anomaly
-4.6340227,-4.342697,0,0,Nominal
-4.4776144,-3.210966,0,0,Nominal
-1.9634235,9.687891,0,1,AttackFlag
-3.0655813,-4.2508645,0,0,Nominal
-4.6809196,-3.2258897,0,0,Nominal
5.453555,1.6723348,1,1,Anomaly
-6.5384016,-6.7957144,0,0,Nominal
-5.522498,-4.8207173,0,0,Nominal
-4.1020384,-3.6136966,0,0,Nominal
-9.802902,-11.434251,0,0,Nominal
-4.313259,-3.6958303,0,0,Nominal
-3.669182,-2.9457207,0,0,Nominal
7.353551,6.861788,1,1,Anomaly
-3.7412894,-3.3129072,0,0,Nominal
21.99496,15.001914,1,1,Anomaly
-4.5796127,-4.0601945,0,0,Nominal
-20.744757,16.320797,0,1,AttackFlag
-4.3663197,-4.2472587,0,0,Nominal
-4.5375357,-4.375487,0,0,Nominal
-10.081492,-6.078504,0,0,Nominal
-4.2926292,-4.14614,0,0,Nominal
-3.6281748,-3.0937834,0,0,Nominal
-4.1812153,-2.8741622,0,0,Nominal
-9.495402,-5.3207784,0,0,Nominal
-4.442545,-3.2516823,0,0,Nominal
-3.9038522,-3.1243691,0,0,Nominal
-6.248273,-9.270715,0,0,Nominal
-4.311449,-3.216586,0,0,Nominal
-4.5255966,-4.017778,0,0,Nominal
2.3969762,-2.2427,1,0,Nominal
-4.307047,-3.2244453,0,0,Nominal
-5.182768,-4.803612,0,0,Nominal
-5.8637743,-5.045941,0,0,Nominal
-4.923996,-3.159915,0,0,Nominal
-7.175169,-6.3932295,0,0,Nominal
2.755336,2.5308895,1,1,Anomaly
-10.149113,-7.264678,0,0,Nominal
-4.6032753,-4.412225,0,0,Nominal
-7.696061,-6.367775,0,0,Nominal
2.8061945,0.034583807,1,0,Nominal
5.1583796,5.965192,1,1,Anomaly
-3.7365677,-3.09232,0,0,Nominal
-3.8720543,-3.0587726,0,0,Nominal
-2.6369212,0.4621997,0,1,AttackFlag
-6.5738955,-8.612706,0,0,Nominal
1.3285551,-0.32264143,1,0,Nominal
-4.795042,-3.2151117,0,0,Nominal
-5.2557936,-6.7018485,0,0,Nominal
-4.3585644,-3.77384,0,0,Nominal
-2.3713818,-2.6080866,0,0,Nominal
-4.8104467,-3.1803799,0,0,Nominal
-4.868827,-4.027588,0,0,Nominal
3.9841263,3.7765684,1,1,Anomaly
-4.710737,-2.4453182,0,0,Nominal
-4.4187737,-4.1182075,0,0,Nominal
-4.6170254,-3.7141933,0,0,Nominal
-7.2561398,-9.1384,0,0,Nominal
-4.847045,-3.3281522,0,0,Nominal
-8.9830675,-7.816764,0,0,Nominal
9.895926,7.610614,1,1,Anomaly
-3.86892,-4.035408,0,0,Nominal
3.2123654,2.9896955,1,1,Anomaly
-6.7903404,-7.9251795,0,0,Nominal
-4.656083,-4.401106,0,0,Nominal
-4.126321,-4.0083146,0,0,Nominal
-4.8450546,-4.8823895,0,0,Nominal
-2.1241496,-0.89629245,0,0,Nominal
-3.9451547,-3.4260411,0,0,Nominal
-5.0297728,-3.4335103,0,0,Nominal
-11.707998,-9.417905,0,0,Nominal
-3.7778766,-3.300149,0,0,Nominal
-4.866769,-5.54664,0,0,Nominal
-3.652974,-3.079152,0,0,Nominal
-2.839919,-2.4703536,0,0,Nominal
1.8621368,-3.0366693,1,0,Nominal
-5.395484,-5.878171,0,0,Nominal
-6.2269516,-4.170892,0,0,Nominal
8.2925005,9.097529,1,1,Anomaly
-4.3716497,4.5525064,0,1,AttackFlag
12.226251,6.132115,1,1,Anomaly
-9.901311,-7.9102926,0,0,Nominal
-5.3095064,-4.2091646,0,0,Nominal
-4.8331213,-4.3550973,0,0,Nominal
-5.957737,-3.731625,0,0,Nominal
-4.915533,-4.7225027,0,0,Nominal
-4.1470737,-3.9939814,0,0,Nominal
-2.7370179,-2.5127153,0,0,Nominal
-1.393432,-1.8289841,0,0,Nominal
-2.9091039,3.185944,0,1,AttackFlag
-4.921397,-3.4056091,0,0,Nominal
4.5827465,2.6262608,1,1,Anomaly
-3.489724,-2.9787378,0,0,Nominal
-4.4446173,-2.7102942,0,0,Nominal
-4.1803074,-3.2235522,0,0,Nominal
-4.7818766,-4.1252537,0,0,Nominal
-7.4908123,-5.1851554,0,0,Nominal
8.342488,-4.8249693,1,0,Nominal
-4.946555,-3.2741427,0,0,Nominal
-8.444166,-5.8150597,0,0,Nominal
-7.0784016,-5.7800694,0,0,Nominal
3.4157112,0.52593213,1,1,Anomaly
5.794076,4.641626,1,1,Anomaly
-4.8592005,-3.2323918,0,0,Nominal
-5.7952957,-4.6520987,0,0,Nominal
-3.2910345,-2.8383565,0,0,Nominal
-2.039894,-3.013393,0,0,Nominal
-4.2676096,-4.039066,0,0,Nominal
-4.989929,-4.377184,0,0,Nominal
-7.566675,-11.583579,0,0,Nominal
-5.5433865,-6.200842,0,0,Nominal
-4.9990396,-3.1076198,0,0,Nominal
-4.800394,-4.4050646,0,0,Nominal
6.265645,3.0878205,1,1,Anomaly
-12.288083,-9.3951025,0,0,Nominal
-4.630762,-6.7204666,0,0,Nominal
-4.5758123,-4.26552,0,0,Nominal
-7.596879,-6.3164034,0,0,Nominal
-4.0849752,1.6407173,0,1,AttackFlag
0.87362087,4.086116,1,1,Anomaly
-4.413867,-3.1766539,0,0,Nominal
-3.9606283,-3.641656,0,0,Nominal
-4.8889103,-3.2484612,0,0,Nominal
-3.4226763,-2.4378247,0,0,Nominal
4.4467,0.5559234,1,1,Anomaly
-4.1603413,-2.9619951,0,0,Nominal
-3.311622,-2.9076047,0,0,Nominal
-3.4383702,-3.0260901,0,0,Nominal
0.99569166,0.25204563,1,1,Anomaly
8.026239,8.760225,1,1,Anomaly
-5.162285,-3.1600237,0,0,Nominal
-4.6275396,-3.2700377,0,0,Nominal
-2.9380896,-1.6507586,0,0,Nominal
-5.0821276,-3.2283454,0,0,Nominal
-4.156274,-4.1613073,0,0,Nominal
-1.1268686,-2.018899,0,0,Nominal
-4.4296083,-4.1222186,0,0,Nominal
-4.905036,-3.966196,0,0,Nominal
-4.5372524,-3.986,0,0,Nominal
4.2671566,6.508279,1,1,Anomaly
9.316389,5.464605,1,1,Anomaly
-7.477725,-8.611077,0,0,Nominal
-4.934741,-4.4018154,0,0,Nominal
-6.2570963,-4.029494,0,0,Nominal
8.425338,9.027944,1,1,Anomaly
-6.6034613,-6.3280888,0,0,Nominal
-4.94512,-3.5515113,0,0,Nominal
43.679535,18.755037,1,1,Anomaly
7.358141,3.6167922,1,1,Anomaly
18.240267,8.294137,1,1,Anomaly
-4.797881,-3.6594033,0,0,Nominal
-3.875542,1.3255864,0,1,AttackFlag
-0.084563494,-1.3275074,0,0,Nominal
-5.61545,-4.0464344,0,0,Nominal
-5.1966667,-5.301142,0,0,Nominal
-5.075407,-5.224165,0,0,Nominal
-3.8815262,-3.920074,0,0,Nominal
21.13465,15.538147,1,1,Anomaly
-0.9698928,-2.586409,0,0,Nominal
-3.6988962,-3.048831,0,0,Nominal
-4.090771,-3.2690148,0,0,Nominal
-4.20693,-3.2674441,0,0,Nominal
-12.758194,-8.931636,0,0,Nominal
-3.4694662,-2.9127078,0,0,Nominal
-7.7870913,-4.7459555,0,0,Nominal
-4.6895514,-4.628751,0,0,Nominal
-4.459778,-1.9466969,0,0,Nominal
22.718954,14.09005,1,1,Anomaly
-4.6231394,-4.243389,0,0,Nominal
-4.634756,-4.250889,0,0,Nominal
-6.888631,-5.8929024,0,0,Nominal
-7.091173,-10.206615,0,0,Nominal
-7.597516,-10.712532,0,0,Nominal
19.997183,8.79943,1,1,Anomaly
-9.660157,-6.538047,0,0,Nominal
-3.8994844,-3.3438697,0,0,Nominal
-4.685755,-4.2703557,0,0,Nominal
-5.0274,-3.2496452,0,0,Nominal
-4.796077,-3.2613692,0,0,Nominal
-4.7403793,-6.3087945,0,0,Nominal
-0.6125929,-0.31060416,0,0,Nominal
-0.48108566,-0.2835753,0,0,Nominal
7.480236,6.869911,1,1,Anomaly
-7.7601824,-7.0361447,0,0,Nominal
-3.9470751,-3.1149144,0,0,Nominal
-1.7112198,-2.9207811,0,0,Nominal
-3.4868495,-3.099451,0,0,Nominal
-9.681363,-7.9933157,0,0,Nominal
-8.479891,-11.54904,0,0,Nominal
-5.291827,-3.438026,0,0,Nominal
-7.649412,-5.979251,0,0,Nominal
-4.5394287,-4.1090345,0,0,Nominal
-4.4794188,-3.7653103,0,0,Nominal
-5.552294,-2.9690433,0,0,Nominal
-4.2956924,-4.168359,0,0,Nominal
-5.081643,-3.3096046,0,0,Nominal
11.059118,9.43205,1,1,Anomaly
-9.166858,-13.438753,0,0,Nominal
-3.5594356,-2.9913716,0,0,Nominal
-7.6254396,-6.127861,0,0,Nominal
11.48276,10.627963,1,1,Anomaly
-4.6252146,-4.3021755,0,0,Nominal
-4.911789,-4.080152,0,0,Nominal
-4.8985605,-4.4052505,0,0,Nominal
19.128378,13.389667,1,1,Anomaly
14.905881,9.882888,1,1,Anomaly
-6.8645163,-6.591435,0,0,Nominal
-5.196475,-4.001835,0,0,Nominal
-3.472415,-3.0785127,0,0,Nominal
-3.9808066,-4.276021,0,0,Nominal
-3.8527272,-3.5187373,0,0,Nominal
-7.084874,-5.717822,0,0,Nominal
-3.8874817,-2.8468537,0,0,Nominal
-5.12335,-4.4683456,0,0,Nominal
-4.7547054,-4.445536,0,0,Nominal
1.1600639,0.08053833,1,0,Nominal
-3.1570323,-3.1185641,0,0,Nominal
6.136101,13.000992,1,1,Anomaly
-3.8011422,-2.886334,0,0,Nominal
4.164135,1.7746612,1,1,Anomaly
-3.6438036,-3.052,0,0,Nominal
4.413954,0.80614334,1,1,Anomaly
-4.021348,-4.768378,0,0,Nominal
-4.828431,-3.2359462,0,0,Nominal
-5.20899,-4.661851,0,0,Nominal
4.291772,3.2223096,1,1,Anomaly
-4.6589823,-3.968443,0,0,Nominal
-0.26553607,-2.154163,0,0,Nominal
18.991697,11.234067,1,1,Anomaly
-0.08865768,2.2736907,0,1,AttackFlag
-5.298503,-5.5390387,0,0,Nominal
-3.7153766,-3.4908848,0,0,Nominal
-7.4118776,-5.10775,0,0,Nominal
-5.0295515,-5.203112,0,0,Nominal
-4.6136684,-3.2082725,0,0,Nominal
-4.8410435,-3.0669117,0,0,Nominal
-6.901269,5.7291245,0,1,AttackFlag
24.453135,12.455823,1,1,Anomaly
-4.608857,-3.979751,0,0,Nominal
-5.155033,-3.3441424,0,0,Nominal
31.98308,21.961246,1,1,Anomaly
-6.4923115,-7.964802,0,0,Nominal
-5.105756,-4.0072985,0,0,Nominal
-6.42694,-4.3320456,0,0,Nominal
-6.218934,-6.2427797,0,0,Nominal
-4.6581287,-4.067813,0,0,Nominal
-4.8906136,-4.428447,0,0,Nominal
8.048308,5.6869936,1,1,Anomaly
-1.9029267,-1.1916876,0,0,Nominal
-0.38175595,-2.895392,0,0,Nominal
-3.2412167,-2.9740677,0,0,Nominal
-4.877822,-2.524479,0,0,Nominal
-6.0137815,-4.0553036,0,0,Nominal
2.5173554,0.90102357,1,1,Anomaly
-2.4630277,-4.0364113,0,0,Nominal
-4.8440495,-4.063612,0,0,Nominal
-3.1727288,-2.8823118,0,0,Nominal
-4.356081,-3.9410696,0,0,Nominal
-4.482481,-4.105399,0,0,Nominal
-4.6677637,-3.5563674,0,0,Nominal
-3.76949,-2.0843825,0,0,Nominal
-3.507873,-3.9034166,0,0,Nominal
-4.8221254,-4.620058,0,0,Nominal
-4.8654213,-3.124826,0,0,Nominal
-4.442724,-3.6086264,0,0,Nominal
-4.422757,-3.228981,0,0,Nominal
-3.4375472,-2.758523,0,0,Nominal
-5.603758,-4.10575,0,0,Nominal
-9.3133135,-9.526107,0,0,Nominal
-3.5558882,-3.0534554,0,0,Nominal
17.35533,13.273579,1,1,Anomaly
10.573389,5.10656,1,1,Anomaly
-5.1077347,-4.007409,0,0,Nominal
-7.0043335,-10.283322,0,0,Nominal
-5.775285,-5.282297,0,0,Nominal
-4.4839983,-4.1774445,0,0,Nominal
-3.987192,-4.328352,0,0,Nominal
-7.2536783,-6.1814404,0,0,Nominal
-4.8181286,-4.4114785,0,0,Nominal
-7.630928,-5.3972216,0,0,Nominal
1.6616862,0.32936212,1,1,Anomaly
-4.7790556,-1.7590321,0,0,Nominal
20.375738,14.4020815,1,1,Anomaly
-2.7848315,-3.922987,0,0,Nominal
0.39910012,0.65581286,0,1,AttackFlag
12.041102,6.6477966,1,1,Anomaly
-7.015111,-5.952792,0,0,Nominal
-4.452263,-3.312047,0,0,Nominal
-1.7389259,-2.9867215,0,0,Nominal
-4.0152187,-3.351468,0,0,Nominal
-3.6274323,-3.0961943,0,0,Nominal
-7.157299,-10.181119,0,0,Nominal
-6.1706266,-8.412687,0,0,Nominal
-3.8666258,-0.4340273,0,0,Nominal
-4.2467756,-4.0529346,0,0,Nominal
5.767083,4.950253,1,1,Anomaly
-3.2340326,-2.8466792,0,0,Nominal
3.7938037,-0.04429978,1,0,Nominal
-6.9756536,-2.4121695,0,0,Nominal
-5.6318665,-7.571476,0,0,Nominal
-4.0189095,-3.2808347,0,0,Nominal
-2.9294205,-3.4259062,0,0,Nominal
-3.7714045,-3.0262794,0,0,Nominal
-4.7121363,-2.8552012,0,0,Nominal
-11.9693165,-10.333133,0,0,Nominal
-4.1523886,-3.110684,0,0,Nominal
-3.8122911,-3.334301,0,0,Nominal
-6.489191,-4.1593566,0,0,Nominal
-4.068967,-1.046079,0,0,Nominal
-4.180545,-3.6636586,0,0,Nominal
-6.989235,-5.963373,0,0,Nominal
-8.694431,-8.563508,0,0,Nominal
-8.991368,-5.3451424,0,0,Nominal
-4.9144115,-3.3098974,0,0,Nominal
-1.5408275,-1.0975153,0,0,Nominal
-5.4197235,-3.7349877,0,0,Nominal
-4.2287397,-3.6120648,0,0,Nominal
-10.685682,-6.6918774,0,0,Nominal
-1.4518034,-2.2352667,0,0,Nominal
-4.6629715,-3.2839441,0,0,Nominal
21.704067,11.760048,1,1,Anomaly
-8.732535,-8.894408,0,0,Nominal
-5.696829,-4.3912654,0,0,Nominal
-2.957221,-1.1033666,0,0,Nominal
-6.245681,-3.8389344,0,0,Nominal
-3.6674416,-3.082099,0,0,Nominal
-3.0776029,-2.9716253,0,0,Nominal
-4.746705,-3.909947,0,0,Nominal
-4.87131,-3.2126808,0,0,Nominal
-3.7636728,-2.7402644,0,0,Nominal
-6.4466934,-6.0341063,0,0,Nominal
-3.3633769,-2.4866047,0,0,Nominal
18.072779,9.325038,1,1,Anomaly
-3.4290383,-2.9769282,0,0,Nominal
-4.3705397,-3.0963497,0,0,Nominal
-4.9181633,-4.9925165,0,0,Nominal
-4.435993,-4.135749,0,0,Nominal
-4.6367893,-3.885726,0,0,Nominal
-3.698626,-3.185536,0,0,Nominal
-8.541001,-8.808648,0,0,Nominal
-4.46885,-3.0151815,0,0,Nominal
-3.4047923,-2.8802228,0,0,Nominal
-4.580393,-3.9776773,0,0,Nominal
9.436156,9.391364,1,1,Anomaly
-9.598691,-6.3258452,0,0,Nominal
-4.1524105,-3.602468,0,0,Nominal
-4.484374,-3.2944622,0,0,Nominal
3.033779,2.4418988,1,1,Anomaly
-8.484671,-11.320077,0,0,Nominal
10.740506,9.159005,1,1,Anomaly
-4.156974,-3.3038898,0,0,Nominal
-4.4929485,-4.0028276,0,0,Nominal
4.5958147,2.0979557,1,1,Anomaly
-0.566514,-1.1199819,0,0,Nominal
0.17542464,-4.3684855,0,0,Nominal
-5.750284,-5.152646,0,0,Nominal
-0.06654948,-1.4349326,0,0,Nominal
-5.852111,-6.215837,0,0,Nominal
-4.890216,-4.427972,0,0,Nominal
-3.9134119,-3.8482456,0,0,Nominal
18.743752,13.716476,1,1,Anomaly
-7.538102,-6.867297,0,0,Nominal
-7.578171,-6.536165,0,0,Nominal
26.413626,16.172857,1,1,Anomaly
-4.6507263,-4.2879953,0,0,Nominal
1.6067122,-1.9568752,1,0,Nominal
-2.5066679,-2.4644184,0,0,Nominal
5.1691494,2.2873192,1,1,Anomaly
-4.445966,-4.1724515,0,0,Nominal
-4.447753,-3.1839776,0,0,Nominal
-5.7005796,-5.4161544,0,0,Nominal
-4.703945,-4.528367,0,0,Nominal
-4.061309,-2.9928913,0,0,Nominal
-4.7755756,-3.0226645,0,0,Nominal
-4.504575,-3.4283156,0,0,Nominal
-4.6612034,-2.8907542,0,0,Nominal
-4.5228224,-3.8359485,0,0,Nominal
-5.0147276,-1.9477261,0,0,Nominal
-5.798462,-3.8007727,0,0,Nominal
-8.067892,-10.286429,0,0,Nominal
-4.2160606,-2.8622522,0,0,Nominal
-4.728979,-3.432241,0,0,Nominal
-4.4270744,-3.4706378,0,0,Nominal
1.489299,-1.5321426,1,0,Nominal
-0.65451086,-1.3210243,0,0,Nominal
-3.962259,-3.1295404,0,0,Nominal
18.73978,11.957185,1,1,Anomaly
11.656598,9.560589,1,1,Anomaly
-10.363646,-8.488807,0,0,Nominal
11.616585,5.3816223,1,1,Anomaly
-7.9926643,-10.556201,0,0,Nominal
-5.41498,-5.9460106,0,0,Nominal
-9.364917,-5.9973207,0,0,Nominal
-7.0064077,-5.2113147,0,0,Nominal
-7.676094,-5.5294085,0,0,Nominal
16.779976,13.066305,1,1,Anomaly
-8.787318,-6.354987,0,0,Nominal
-7.2806206,-8.43324,0,0,Nominal
25.916746,13.9723215,1,1,Anomaly
-4.134282,-3.6948795,0,0,Nominal
2.809431,1.9227113,1,1,Anomaly
-4.6590633,-3.9878645,0,0,Nominal
-4.389889,-3.024427,0,0,Nominal
7.9150143,-0.37515545,1,0,Nominal
0.3039616,2.1284513,0,1,AttackFlag
-10.640567,-8.465713,0,0,Nominal
-6.1319637,-6.50391,0,0,Nominal
-4.6808205,-3.1552043,0,0,Nominal
-5.993243,-4.5185914,0,0,Nominal
10.829269,10.369006,1,1,Anomaly
11.485394,10.196845,1,1,Anomaly
-4.2809944,-3.204052,0,0,Nominal
-5.2367897,-3.173101,0,0,Nominal
-4.0628223,-3.1100025,0,0,Nominal
-3.9268534,-3.9168296,0,0,Nominal
-4.9636755,-3.1170926,0,0,Nominal
-8.051901,-6.0500407,0,0,Nominal
-7.474922,-5.114254,0,0,Nominal
-3.5174768,-1.6060785,0,0,Nominal
0.40008175,0.023192108,0,0,Nominal
-4.2249537,-3.0925584,0,0,Nominal
-4.0213995,-3.130856,0,0,Nominal
-9.068297,-6.0770636,0,0,Nominal
-4.01289,-3.4534311,0,0,Nominal
-2.7354271,-3.256713,0,0,Nominal
-4.758341,-2.6781597,0,0,Nominal
-4.717352,-3.9490647,0,0,Nominal
14.830896,9.966058,1,1,Anomaly
30.919415,11.763998,1,1,Anomaly
-5.0232306,-4.0916624,0,0,Nominal
-8.406607,-7.3185577,0,0,Nominal
-3.6297224,-2.7708898,0,0,Nominal
-6.788928,-4.9229517,0,0,Nominal
-10.962351,-8.292631,0,0,Nominal
-6.9453316,-5.822384,0,0,Nominal
-3.6355007,-3.13131,0,0,Nominal
-4.8745785,-4.3478026,0,0,Nominal
-4.9869576,-4.2566195,0,0,Nominal
7.7472696,4.3113675,1,1,Anomaly
-4.803996,-3.8902636,0,0,Nominal
-9.3107395,-5.4703417,0,0,Nominal
-7.4946213,-5.5414057,0,0,Nominal
29.928156,8.441989,1,1,Anomaly
-4.3325634,-4.017199,0,0,Nominal
-7.4637165,-3.8893375,0,0,Nominal
-5.1625223,-4.223519,0,0,Nominal
-5.0089397,-4.186195,0,0,Nominal
-5.0939646,-4.1480927,0,0,Nominal
-3.3427258,-0.26775247,0,0,Nominal
-2.565341,6.444673,0,1,AttackFlag
-5.1970034,-4.735693,0,0,Nominal
-4.9002686,-4.385235,0,0,Nominal
-5.201235,-5.010809,0,0,Nominal
-9.655523,-6.4171534,0,0,Nominal
-7.526579,-4.739264,0,0,Nominal
8.285398,5.059563,1,1,Anomaly
1.8945844,0.8767126,1,1,Anomaly
-5.79762,-4.44184,0,0,Nominal
-6.5509367,-6.985401,0,0,Nominal
-3.908449,-3.170072,0,0,Nominal
2.15361,-2.7650852,1,0,Nominal
-0.7904731,-1.4759501,0,0,Nominal
-4.55105,-3.3762827,0,0,Nominal
-4.686594,-3.294407,0,0,Nominal
-7.3826933,-10.399747,0,0,Nominal
7.40736,6.066488,1,1,Anomaly
-11.422635,-8.776297,0,0,Nominal
19.012602,11.608279,1,1,Anomaly
-4.297304,-3.611333,0,0,Nominal
-5.5008936,-6.357926,0,0,Nominal
40.68606,22.821081,1,1,Anomaly
-9.090253,-5.1974382,0,0,Nominal
-9.071124,-13.490378,0,0,Nominal
-0.15502208,-1.6418375,0,0,Nominal
-4.8931084,-4.2169595,0,0,Nominal
-11.814654,-11.278474,0,0,Nominal
-4.938998,-5.184281,0,0,Nominal
-4.455349,-3.9582582,0,0,Nominal
-3.1914895,-2.8045297,0,0,Nominal
-8.614682,-6.9512377,0,0,Nominal
-3.949168,-3.2632623,0,0,Nominal
-4.5045147,-4.1079445,0,0,Nominal
-3.7218626,-3.1419396,0,0,Nominal
-4.4837875,-4.2732673,0,0,Nominal
3.9985979,2.7407784,1,1,Anomaly
-4.5440454,-3.9652963,0,0,Nominal
-7.269848,-8.21232,0,0,Nominal
-7.916706,-6.3457685,0,0,Nominal
-4.912484,-3.2446542,0,0,Nominal
-4.2609406,-4.309757,0,0,Nominal
-4.4364033,-3.2581825,0,0,Nominal
-6.353341,-6.9205184,0,0,Nominal
-5.0551567,-4.148244,0,0,Nominal
-4.5272684,-4.318616,0,0,Nominal
-4.132326,-4.095047,0,0,Nominal
-4.9595757,-4.0892296,0,0,Nominal
11.120953,0.7072345,1,1,Anomaly
-0.56059575,-1.9412411,0,0,Nominal
-3.48192,-2.91156,0,0,Nominal
54.019238,-10.203803,1,0,Nominal
-3.9024878,-3.4019399,0,0,Nominal
1.5298785,-0.50584555,1,0,Nominal
-4.0323896,-3.7371325,0,0,Nominal
-7.058833,-8.7636595,0,0,Nominal
-5.2131157,-4.120306,0,0,Nominal
-4.8817787,-4.489428,0,0,Nominal
-4.478009,-4.0405326,0,0,Nominal
-8.540417,-9.845759,0,0,Nominal
8.096261,6.9904523,1,1,Anomaly
-5.9019938,-4.7193384,0,0,Nominal
-4.611745,-3.990192,0,0,Nominal
25.303417,12.876854,1,1,Anomaly
-1.1491493,-2.088778,0,0,Nominal
-4.5027094,-4.200277,0,0,Nominal
17.57997,13.499725,1,1,Anomaly
-12.135497,-11.420058,0,0,Nominal
-7.1551485,-6.065624,0,0,Nominal
-6.4923363,-7.171602,0,0,Nominal
-3.4582584,-3.1164665,0,0,Nominal
-5.448263,-4.1642585,0,0,Nominal
-4.9638863,-2.7498708,0,0,Nominal
-5.1742163,-5.274396,0,0,Nominal
-4.243412,-4.902254,0,0,Nominal
10.127959,5.9614005,1,1,Anomaly
-2.6677291,-2.635604,0,0,Nominal
-5.0359793,-4.8316584,0,0,Nominal
-3.0559015,-3.4443765,0,0,Nominal
-4.389455,-3.0843434,0,0,Nominal
-6.0709343,-3.6472611,0,0,Nominal
-3.4115767,-3.0880036,0,0,Nominal
-4.6390877,-2.8898582,0,0,Nominal
6.5821037,3.3854733,1,1,Anomaly
-4.6679068,-3.4037662,0,0,Nominal
-9.175723,-10.442866,0,0,Nominal
-4.8136177,-3.166964,0,0,Nominal
-3.9965224,-3.1330948,0,0,Nominal
-3.9803855,-3.5019913,0,0,Nominal
-5.4608526,-5.5821576,0,0,Nominal
-3.5362163,-5.6362557,0,0,Nominal
-1.8873672,-2.2583447,0,0,Nominal
-1.5180262,3.4320707,0,1,AttackFlag
-6.311515,-4.478463,0,0,Nominal
20.551767,17.293152,1,1,Anomaly
-4.5300627,-3.1739326,0,0,Nominal
-4.2297277,-3.6780276,0,0,Nominal
-4.702875,-3.2642322,0,0,Nominal
-4.318555,-2.9057517,0,0,Nominal
-4.6814346,-3.9574437,0,0,Nominal
-5.840541,-7.416163,0,0,Nominal
-5.2511263,-4.5537877,0,0,Nominal
44.328655,25.04061,1,1,Anomaly
-4.7613773,-3.7018323,0,0,Nominal
10.659614,5.732068,1,1,Anomaly
-0.26515216,-1.759241,0,0,Nominal
-5.434265,-3.6458154,0,0,Nominal
-10.49594,-7.8161526,0,0,Nominal
-4.3669653,-4.0098553,0,0,Nominal
-9.461297,-7.0159793,0,0,Nominal
-3.9874299,-3.44905,0,0,Nominal
-3.96767,-3.7781763,0,0,Nominal
-5.050703,-3.6250124,0,0,Nominal
-4.70557,-3.1992435,0,0,Nominal
23.062355,15.285644,1,1,Anomaly
-9.27727,-7.443964,0,0,Nominal
4.362919,4.5501943,1,1,Anomaly
-6.453537,-6.099113,0,0,Nominal
-9.143365,-8.584473,0,0,Nominal
-2.3649936,-2.5914526,0,0,Nominal
-6.4173098,-5.799475,0,0,Nominal
-4.1589594,-3.1610498,0,0,Nominal
7.2463894,4.5294933,1,1,Anomaly
-3.0816367,-4.928253,0,0,Nominal
-4.5358486,-3.999455,0,0,Nominal
5.709036,4.2205334,1,1,Anomaly
-7.903719,-7.5491886,0,0,Nominal
-1.45607,-2.153277,0,0,Nominal
1.3036816,0.89100194,1,1,Anomaly
-4.5962057,-3.2116814,0,0,Nominal
-4.7746973,-4.263941,0,0,Nominal
-4.7567463,-4.652527,0,0,Nominal
17.179577,12.297524,1,1,Anomaly
-4.402808,-4.1176786,0,0,Nominal
-5.059099,-4.477369,0,0,Nominal
-9.513726,-11.81678,0,0,Nominal
-3.5287983,-2.6274514,0,0,Nominal
-5.334485,-3.1728234,0,0,Nominal
-4.09575,-4.261973,0,0,Nominal
-9.121851,-5.51334,0,0,Nominal
-7.4915123,-10.351903,0,0,Nominal
-4.969553,-4.3126507,0,0,Nominal
-8.087528,-10.854532,0,0,Nominal
-5.165228,-4.082256,0,0,Nominal
-4.7678585,-4.4213047,0,0,Nominal
-3.8369553,-3.1916919,0,0,Nominal
-4.6763763,-4.3689146,0,0,Nominal
-2.9789267,-2.8574533,0,0,Nominal
-5.2482376,-4.0938706,0,0,Nominal
-6.204645,-5.8906856,0,0,Nominal
11.521037,10.503853,1,1,Anomaly
-4.4613953,-4.296947,0,0,Nominal
21.600843,13.655194,1,1,Anomaly
-2.841653,-3.7783709,0,0,Nominal
-6.8011026,-8.55494,0,0,Nominal
-7.787155,-6.0481153,0,0,Nominal
28.778547,9.23935,1,1,Anomaly
2.5049393,3.5601096,1,1,Anomaly
-4.059614,-4.038507,0,0,Nominal
-5.2094955,-3.3659797,0,0,Nominal
-5.8561983,-3.3192382,0,0,Nominal
-2.174299,-0.13854116,0,0,Nominal
-12.867568,-9.601163,0,0,Nominal
-3.9764516,-1.3510016,0,0,Nominal
3.0732608,4.1834598,1,1,Anomaly
-5.007807,-3.2592425,0,0,Nominal
-0.17968452,2.0825005,0,1,AttackFlag
-2.8184788,-2.7584052,0,0,Nominal
-4.34258,-5.4251504,0,0,Nominal
7.5986223,6.2152147,1,1,Anomaly
-8.687585,-8.049539,0,0,Nominal
3.6271005,2.0786722,1,1,Anomaly
-6.1409616,-5.36028,0,0,Nominal
32.89746,-23.309803,1,0,Nominal
-7.493309,-8.506436,0,0,Nominal
11.959765,10.005586,1,1,Anomaly
-3.579374,-3.0652862,0,0,Nominal
-4.169671,-4.140706,0,0,Nominal
-10.233967,-9.848651,0,0,Nominal
-4.6565933,-4.6109295,0,0,Nominal
-6.1306286,-4.612323,0,0,Nominal
-3.1766343,-2.9422188,0,0,Nominal
25.969337,14.950034,1,1,Anomaly
-1.3209692,-2.510621,0,0,Nominal
-5.618497,-4.057562,0,0,Nominal
9.9014845,7.068778,1,1,Anomaly
-7.208028,-5.286414,0,0,Nominal
-4.025735,-2.6854339,0,0,Nominal
-5.8734407,-7.25009,0,0,Nominal
13.048141,8.239381,1,1,Anomaly
-3.570101,-2.8728423,0,0,Nominal
4.375245,4.109487,1,1,Anomaly
-6.446329,-5.903901,0,0,Nominal
2.1096654,1.1193116,1,1,Anomaly
-4.5305157,-3.410038,0,0,Nominal
-3.9123755,-3.3064046,0,0,Nominal
-3.8570569,-3.1899223,0,0,Nominal
-4.026326,-3.128477,0,0,Nominal
-9.129826,-7.284837,0,0,Nominal
-2.80333,-2.3244238,0,0,Nominal
-2.7793615,-1.948557,0,0,Nominal
15.673739,12.316428,1,1,Anomaly
-4.8618155,-4.3966985,0,0,Nominal
-6.0332375,-4.1088877,0,0,Nominal
0.16586941,-1.0764052,0,0,Nominal
-9.742425,-7.407813,0,0,Nominal
-4.5112057,-3.1750045,0,0,Nominal
11.366864,4.5293875,1,1,Anomaly
-9.709637,-8.606381,0,0,Nominal
-10.783814,-6.9759264,0,0,Nominal
-5.3524704,-5.171501,0,0,Nominal
-4.343404,-4.1723347,0,0,Nominal
-4.9117785,-4.394788,0,0,Nominal
-6.6664953,-5.6741266,0,0,Nominal
-7.3252764,-6.7684164,0,0,Nominal
-8.266394,-4.4437943,0,0,Nominal
-3.012012,-4.0256543,0,0,Nominal
-6.4016266,-7.190708,0,0,Nominal
-5.8844223,-7.424425,0,0,Nominal
-4.5995436,-4.3504543,0,0,Nominal
-1.3050578,-2.3777819,0,0,Nominal
-4.6897945,-4.373155,0,0,Nominal
-4.775218,-4.2531376,0,0,Nominal
-5.6857014,-5.4928675,0,0,Nominal
-5.372711,-4.5713897,0,0,Nominal
-8.760839,-8.222814,0,0,Nominal
-4.827547,-3.2116299,0,0,Nominal
-4.0567408,-3.644331,0,0,Nominal
-4.92126,-2.8342767,0,0,Nominal
-4.750394,-5.5042887,0,0,Nominal
-4.877677,-3.918985,0,0,Nominal
-7.862221,-12.386649,0,0,Nominal
-9.104057,-10.779268,0,0,Nominal
-3.7594802,-3.2194552,0,0,Nominal
-5.326047,-3.862968,0,0,Nominal
-3.3994677,0.6500943,0,1,AttackFlag
2.1600113,0.12437859,1,0,Nominal
-2.6669104,-1.8363563,0,0,Nominal
-5.074251,-3.3302603,0,0,Nominal
-2.950404,-1.9125518,0,0,Nominal
-1.7531013,-0.9386735,0,0,Nominal
-4.9847765,-3.945642,0,0,Nominal
-4.9705105,-4.40581,0,0,Nominal
-3.8018281,-3.0379877,0,0,Nominal
-7.911503,-6.284189,0,0,Nominal
-3.8003018,-5.1273518,0,0,Nominal
-4.8926764,-3.9832544,0,0,Nominal
-1.3329461,-1.8990003,0,0,Nominal
-6.4553843,-4.703632,0,0,Nominal
-4.813882,-3.121611,0,0,Nominal
-6.7469482,-6.631959,0,0,Nominal
-4.167738,-3.6224914,0,0,Nominal
-6.088646,-3.6762404,0,0,Nominal
-5.3508463,-4.059011,0,0,Nominal
-7.8705235,-8.826509,0,0,Nominal
-4.8561974,-3.1605735,0,0,Nominal
13.028827,10.147599,1,1,Anomaly
18.717472,14.194011,1,1,Anomaly
-5.857175,-4.9932013,0,0,Nominal
-4.804373,-3.3012962,0,0,Nominal
-4.552269,-2.8615394,0,0,Nominal
98.21864,-47.91787,1,0,Nominal
-3.6253748,-3.0429597,0,0,Nominal
-4.668412,-3.140602,0,0,Nominal
-1.9649189,-1.6516398,0,0,Nominal
-1.891548,-0.90837073,0,0,Nominal
-6.663822,-4.874549,0,0,Nominal
-4.839223,-3.060513,0,0,Nominal
-4.5280676,-3.2265692,0,0,Nominal
-6.859598,-9.874643,0,0,Nominal
-2.7968655,-2.4726,0,0,Nominal
-3.8265028,-3.166432,0,0,Nominal
-4.46078,-5.024212,0,0,Nominal
5.6709547,2.6618958,1,1,Anomaly
-4.9221344,-7.4615583,0,0,Nominal
-4.370534,-3.928237,0,0,Nominal
-4.8767633,-4.073487,0,0,Nominal
-4.4815254,-3.4178615,0,0,Nominal
-1.5511577,-1.5826378,0,0,Nominal
-4.758051,-2.9599242,0,0,Nominal
20.728338,14.521466,1,1,Anomaly
-4.5537767,-2.6702065,0,0,Nominal
-11.015377,-7.9072313,0,0,Nominal
12.756164,7.078185,1,1,Anomaly
-3.9813163,-6.5321994,0,0,Nominal
-5.635394,-4.454291,0,0,Nominal
-9.774061,-6.416017,0,0,Nominal
-5.2021055,-5.2895246,0,0,Nominal
-7.452256,-4.3195863,0,0,Nominal
-4.531481,-3.2477055,0,0,Nominal
-12.5731,-19.761745,0,0,Nominal
1.6990147,3.9758906,1,1,Anomaly
-4.728181,-4.3024974,0,0,Nominal
-2.3979545,-2.6639132,0,0,Nominal
2.3690917,3.7555914,1,1,Anomaly
-3.9800513,-7.105731,0,0,Nominal
-4.075184,-3.9893584,0,0,Nominal
-3.6301296,-3.1407194,0,0,Nominal
-7.0275097,-8.481317,0,0,Nominal
-4.726552,-6.409235,0,0,Nominal
-5.2099676,-4.4064603,0,0,Nominal
-4.854453,-4.3470078,0,0,Nominal
-5.737423,-4.8199224,0,0,Nominal
-4.766082,-4.345172,0,0,Nominal
-7.9190273,-5.8648047,0,0,Nominal
-4.0048065,-3.1940312,0,0,Nominal
13.07059,10.185081,1,1,Anomaly
9.762043,6.1106625,1,1,Anomaly
-3.4982092,-4.2736435,0,0,Nominal
10.176938,9.416602,1,1,Anomaly
14.567933,10.411492,1,1,Anomaly
-10.34988,-10.571731,0,0,Nominal
-3.0791593,-3.0186348,0,0,Nominal
-4.049074,-4.1295695,0,0,Nominal
1.6881058,0.79376435,1,1,Anomaly
-4.816783,-4.4140787,0,0,Nominal
-5.0761185,-4.360091,0,0,Nominal
-10.914737,-7.634614,0,0,Nominal
-3.0229385,-2.416504,0,0,Nominal
-5.0087433,-4.719904,0,0,Nominal
-3.2496989,-2.8345833,0,0,Nominal
-0.072720855,-2.435636,0,0,Nominal
-3.6000803,-6.144795,0,0,Nominal
-4.2462406,-3.5283356,0,0,Nominal
-7.574834,-4.4014935,0,0,Nominal
-4.6534977,-3.664157,0,0,Nominal
-7.8821774,-10.697841,0,0,Nominal
-5.05017,-3.8310685,0,0,Nominal
-5.1704845,-4.3928156,0,0,Nominal
-4.3054028,-4.251649,0,0,Nominal
-3.1105049,-2.1023297,0,0,Nominal
-4.602355,-3.4755096,0,0,Nominal
-4.854126,-4.43898,0,0,Nominal
-4.182046,-3.77668,0,0,Nominal
-4.8514204,-5.4148693,0,0,Nominal
-9.51666,-6.8066225,0,0,Nominal
-11.346857,-9.257641,0,0,Nominal
-4.9338303,-3.3954234,0,0,Nominal
-8.861001,-4.951497,0,0,Nominal
-4.8735933,-4.7613907,0,0,Nominal
0.10581526,2.2328973,0,1,AttackFlag
-8.149776,-7.398258,0,0,Nominal
-5.0090065,-4.2198763,0,0,Nominal
-1.8005654,-2.2058048,0,0,Nominal
-4.557832,-4.3158965,0,0,Nominal
-7.1618214,-6.285059,0,0,Nominal
-4.7226725,-3.3193817,0,0,Nominal
-5.5184183,-2.9560494,0,0,Nominal
-3.8551018,-3.352738,0,0,Nominal
-10.083169,-7.833887,0,0,Nominal
6.5981407,6.074051,1,1,Anomaly
3.7581506,2.1632085,1,1,Anomaly
2.2565434,2.5721054,1,1,Anomaly
-4.797243,-2.9663916,0,0,Nominal
3.053899,3.2262106,1,1,Anomaly
-5.0435734,-4.5634747,0,0,Nominal
-9.386252,-11.545875,0,0,Nominal
-4.215701,-3.744586,0,0,Nominal
-4.237362,-4.571116,0,0,Nominal
-5.037118,-4.3013415,0,0,Nominal
7.054022,3.942665,1,1,Anomaly
-4.4968987,-4.0540466,0,0,Nominal
-5.684658,-6.73217,0,0,Nominal
-5.46089,-3.974403,0,0,Nominal
-4.907749,-3.2576303,0,0,Nominal
-2.5047004,-2.649455,0,0,Nominal
-9.837142,-7.602998,0,0,Nominal
-5.2142763,-3.9328814,0,0,Nominal
-4.5729465,-4.0661697,0,0,Nominal
-5.2496023,-4.173868,0,0,Nominal
-4.075202,-4.2209454,0,0,Nominal
-5.337677,-5.234362,0,0,Nominal
-5.0453596,-3.385499,0,0,Nominal
17.470606,5.1183167,1,1,Anomaly
9.797866,7.508582,1,1,Anomaly
-3.9906783,-3.0786505,0,0,Nominal
3.3144672,1.4031309,1,1,Anomaly
-12.17866,-8.612069,0,0,Nominal
-12.096971,-7.5337386,0,0,Nominal
-8.138595,-10.142565,0,0,Nominal
0.49788558,2.1898065,0,1,AttackFlag
0.69969064,-2.186335,1,0,Nominal
0.7883479,-1.4524531,1,0,Nominal
-2.8857763,-3.9462557,0,0,Nominal
-3.3588426,-2.8396091,0,0,Nominal
-4.102988,-3.4095187,0,0,Nominal
-4.0354185,-3.0705733,0,0,Nominal
-4.1636543,-3.5990705,0,0,Nominal
-7.394848,-9.923021,0,0,Nominal
0.7746295,-0.28066385,1,0,Nominal
3.615904,4.322036,1,1,Anomaly
-1.9680704,-0.80810654,0,0,Nominal
-8.823095,-10.235478,0,0,Nominal
-4.395278,-3.954969,0,0,Nominal
-3.7722251,-3.978424,0,0,Nominal
-4.452072,-4.1816306,0,0,Nominal
1.6351429,0.42915875,1,1,Anomaly
-8.355228,-8.708144,0,0,Nominal
-1.0451787,-1.4932908,0,0,Nominal
-4.3225203,-3.1804924,0,0,Nominal
1.4578499,1.6680889,1,1,Anomaly
14.199719,11.682786,1,1,Anomaly
-0.71016103,-1.390318,0,0,Nominal
18.481123,9.478246,1,1,Anomaly
-1.501503,-1.7896825,0,0,Nominal
14.120701,7.5447206,1,1,Anomaly
-5.4637814,-6.234254,0,0,Nominal
-4.003747,-3.17564,0,0,Nominal
12.394781,5.968693,1,1,Anomaly
0.10712081,-1.0808294,0,0,Nominal
19.233274,11.782799,1,1,Anomaly
-4.9788017,-3.0486474,0,0,Nominal
1.1281826,4.4389887,1,1,Anomaly
14.504829,-6.8203397,1,0,Nominal
21.023327,-7.5587635,1,0,Nominal
5.236186,-10.157439,1,0,Nominal
-7.579833,4.035401,0,1,AttackFlag
12.934855,-6.8141565,1,0,Nominal
6.495242,-8.043339,1,0,Nominal
3.804472,-9.148621,1,0,Nominal
-2.7862544,-9.278665,0,0,Nominal
3.8399818,-6.312253,1,0,Nominal
5.825405,-11.796736,1,0,Nominal
8.767854,-5.941844,1,0,Nominal
13.722815,-5.327038,1,0,Nominal
9.556734,-9.107321,1,0,Nominal
-5.9159,6.5180793,0,1,AttackFlag
11.999166,-7.463335,1,0,Nominal
14.283969,-5.2035713,1,0,Nominal
14.043445,-6.3265395,1,0,Nominal
4.303136,-4.6532464,1,0,Nominal
8.062594,-7.3554897,1,0,Nominal
1.2951435,-6.4306536,1,0,Nominal
1.8609205,-4.9157586,1,0,Nominal
-0.3763755,8.750592,0,1,AttackFlag
4.168208,-2.4233522,1,0,Nominal
12.725001,-7.32346,1,0,Nominal
30.07607,31.012897,1,1,Anomaly
6.2406263,-10.526214,1,0,Nominal
1.173238,-5.414523,1,0,Nominal
4.618023,-6.191738,1,0,Nominal
4.7132235,-14.602198,1,0,Nominal
2.4017735,-2.5340753,1,0,Nominal
12.71584,-5.8904076,1,0,Nominal
13.8875475,-6.461645,1,0,Nominal
13.17508,-10.653907,1,0,Nominal
2.696628,-6.6881804,1,0,Nominal
-3.8387868,7.6376143,0,1,AttackFlag
11.6182575,-4.156252,1,0,Nominal
8.253685,-7.749457,1,0,Nominal
6.9756746,-15.1240225,1,0,Nominal
-5.469285,4.5323677,0,1,AttackFlag
1.3779002,-5.9605837,1,0,Nominal
8.030744,-12.508471,1,0,Nominal
13.160609,-7.6293726,1,0,Nominal
13.427643,-8.5902605,1,0,Nominal
3.4794388,-8.151174,1,0,Nominal
4.145028,-7.14094,1,0,Nominal
15.928611,-2.1870537,1,0,Nominal
1.5634191,-5.940319,1,0,Nominal
-0.83622223,-11.254474,0,0,Nominal
13.859539,-2.8322115,1,0,Nominal
13.905345,-6.4808335,1,0,Nominal
12.28119,-7.5218954,1,0,Nominal
1.6934446,-13.909302,1,0,Nominal
12.086065,-7.362426,1,0,Nominal
12.626988,-8.182376,1,0,Nominal
14.323569,8.81129,1,1,Anomaly
0.013166666,-11.324752,0,0,Nominal
15.630158,-5.7876716,1,0,Nominal
12.706957,-7.6380463,1,0,Nominal
-8.187556,-0.14114645,0,0,Nominal
8.087995,10.2921095,1,1,Anomaly
8.806952,-5.3111258,1,0,Nominal
10.710519,-7.309616,1,0,Nominal
10.818572,-6.169694,1,0,Nominal
-3.4097755,5.466532,0,1,AttackFlag
13.045044,-4.7910256,1,0,Nominal
5.472431,-5.844539,1,0,Nominal
6.393755,-8.164745,1,0,Nominal
0.23399556,-14.295972,0,0,Nominal
5.9243937,-16.258493,1,0,Nominal
21.613487,-6.991975,1,0,Nominal
9.475412,-8.625061,1,0,Nominal
13.822673,-6.6890492,1,0,Nominal
14.823396,-7.7447596,1,0,Nominal
-3.9348004,7.5264473,0,1,AttackFlag
18.416323,-5.7022057,1,0,Nominal
7.061002,-8.97038,1,0,Nominal
12.8898535,-8.394563,1,0,Nominal
13.448773,-7.067828,1,0,Nominal
10.538503,-6.148424,1,0,Nominal
17.02062,-6.9190073,1,0,Nominal
3.6176088,-5.806757,1,0,Nominal
13.588613,-7.781003,1,0,Nominal
1.2324277,-7.613576,1,0,Nominal
8.238427,-9.050359,1,0,Nominal
2.4864118,-12.897946,1,0,Nominal
13.653438,-5.9543133,1,0,Nominal
11.840678,-5.0712,1,0,Nominal
14.367709,-6.4309587,1,0,Nominal
4.2799597,-5.8503885,1,0,Nominal
4.081601,-6.362323,1,0,Nominal
13.952686,-4.1517777,1,0,Nominal
3.983929,-5.462882,1,0,Nominal
-6.621914,2.6829977,0,1,AttackFlag
-6.161108,-15.195393,0,0,Nominal
25.95313,26.377068,1,1,Anomaly
13.7667675,-2.7885914,1,0,Nominal
4.105541,-6.4747496,1,0,Nominal
2.5797644,-7.461464,1,0,Nominal
12.24014,-7.4079247,1,0,Nominal
4.101843,-3.0224414,1,0,Nominal
3.9972632,-6.4451714,1,0,Nominal
0.047927618,8.747984,0,1,AttackFlag
-6.018285,5.8622265,0,1,AttackFlag
12.908235,-6.80723,1,0,Nominal
12.719709,-8.904825,1,0,Nominal
4.5251284,-9.164012,1,0,Nominal
4.7265234,-5.7775984,1,0,Nominal
16.023409,-10.832112,1,0,Nominal
7.060467,-5.706292,1,0,Nominal
15.600377,-6.71583,1,0,Nominal
10.152721,-5.7367325,1,0,Nominal
12.611789,-6.7256327,1,0,Nominal
13.781872,-5.488394,1,0,Nominal
-0.20714748,6.3866887,0,1,AttackFlag
2.264907,-5.977173,1,0,Nominal
19.981924,2.8872905,1,1,Anomaly
12.538611,-6.98279,1,0,Nominal
3.97412,-5.284546,1,0,Nominal
8.446046,-13.114142,1,0,Nominal
6.2722235,-6.8634014,1,0,Nominal
8.5378,-8.607475,1,0,Nominal
0.45520574,-10.711322,0,0,Nominal
4.906166,-5.4417353,1,0,Nominal
6.159772,-4.940303,1,0,Nominal
13.8717165,-5.357126,1,0,Nominal
90.47067,1.8702585,1,1,Anomaly
8.294362,-7.4133635,1,0,Nominal
16.95721,-8.659661,1,0,Nominal
12.196021,-6.242232,1,0,Nominal
-4.2683783,5.3570814,0,1,AttackFlag
12.751193,23.182789,1,1,Anomaly
3.9343417,-5.1969647,1,0,Nominal
14.597604,-6.857059,1,0,Nominal
3.5350857,-4.128228,1,0,Nominal
14.63327,-5.83492,1,0,Nominal
-2.6721418,-10.25353,0,0,Nominal
-7.233739,4.7337637,0,1,AttackFlag
11.5869875,-7.637278,1,0,Nominal
1.6261616,-6.570051,1,0,Nominal
-10.741631,2.0103269,0,1,AttackFlag
14.612527,-6.141206,1,0,Nominal
14.445772,-6.339528,1,0,Nominal
4.635272,-4.4163,1,0,Nominal
8.35381,-7.7010164,1,0,Nominal
12.347935,-7.5901604,1,0,Nominal
-7.6560345,3.2269068,0,1,AttackFlag
10.81341,-6.2231526,1,0,Nominal
14.289773,-6.9901333,1,0,Nominal
11.991647,-9.861426,1,0,Nominal
13.458362,-6.770319,1,0,Nominal
14.068858,-6.649811,1,0,Nominal
11.728125,-4.3366556,1,0,Nominal
13.493383,-6.4478207,1,0,Nominal
12.677462,-9.619275,1,0,Nominal
2.2724206,-3.9137354,1,0,Nominal
7.7702866,-6.356723,1,0,Nominal
-8.697928,-8.809881,0,0,Nominal
-1.9386909,-10.97614,0,0,Nominal
8.592691,-5.357333,1,0,Nominal
4.7053633,-5.01293,1,0,Nominal
13.089721,-6.941065,1,0,Nominal
7.0360336,-10.071675,1,0,Nominal
14.296238,-6.4745016,1,0,Nominal
0.14389518,-7.214368,0,0,Nominal
13.531667,-8.979266,1,0,Nominal
14.2638645,-6.475436,1,0,Nominal
13.370806,-5.1477323,1,0,Nominal
6.295864,-6.9640355,1,0,Nominal
12.225214,-7.3723063,1,0,Nominal
13.53378,-7.046358,1,0,Nominal
-7.803505,4.532762,0,1,AttackFlag
18.179657,-9.798526,1,0,Nominal
-3.2460454,5.6436596,0,1,AttackFlag
13.457326,-6.7205496,1,0,Nominal
12.524105,-6.704986,1,0,Nominal
12.863877,-4.5667706,1,0,Nominal
2.492628,-8.178811,1,0,Nominal
5.0293217,-6.8910465,1,0,Nominal
13.762789,-6.4793253,1,0,Nominal
4.7243843,-5.633956,1,0,Nominal
-3.9502332,4.7696385,0,1,AttackFlag
13.5466385,-6.7683606,1,0,Nominal
13.375529,-7.61005,1,0,Nominal
6.931773,-9.505257,1,0,Nominal
1.4426225,-4.940343,1,0,Nominal
6.68486,-5.7764115,1,0,Nominal
-0.45689362,-9.6583805,0,0,Nominal
0.6975595,-3.9578638,1,0,Nominal
12.2289915,-7.6941586,1,0,Nominal
15.651042,-6.914957,1,0,Nominal
13.067143,-2.150763,1,0,Nominal
-3.2743256,-8.818559,0,0,Nominal
12.748622,-6.8931265,1,0,Nominal
-0.97870326,-11.2757635,0,0,Nominal
15.187847,11.506508,1,1,Anomaly
12.347986,-7.359805,1,0,Nominal
5.1332827,8.502471,1,1,Anomaly
4.5222054,-5.8751636,1,0,Nominal
-5.1239424,4.9943657,0,1,AttackFlag
0.30926645,6.574843,0,1,AttackFlag
14.002297,-6.154166,1,0,Nominal
14.954764,-6.2875676,1,0,Nominal
-0.5498476,8.144174,0,1,AttackFlag
4.833168,-5.7399125,1,0,Nominal
12.827264,-5.88301,1,0,Nominal
-4.7300825,-14.219529,0,0,Nominal
15.154517,-5.4003587,1,0,Nominal
14.140142,-5.5711517,1,0,Nominal
14.070002,-8.990895,1,0,Nominal
16.253801,-5.8020544,1,0,Nominal
14.73544,-6.5416584,1,0,Nominal
11.687605,-8.601633,1,0,Nominal
-9.525363,3.7114706,0,1,AttackFlag
12.932987,-6.818908,1,0,Nominal
-7.1431475,4.989768,0,1,AttackFlag
18.087069,-7.637374,1,0,Nominal
4.735511,-6.5604005,1,0,Nominal
8.058858,-7.511798,1,0,Nominal
12.8630495,-2.7453218,1,0,Nominal
3.0492706,-13.35759,1,0,Nominal
14.121625,-6.2893243,1,0,Nominal
5.271776,-7.048471,1,0,Nominal
12.273992,-8.149105,1,0,Nominal
2.4112897,-12.660554,1,0,Nominal
1.2206699,9.073652,1,1,Anomaly
11.502652,-7.3341613,1,0,Nominal
13.74455,-6.177974,1,0,Nominal
13.547228,-5.905547,1,0,Nominal
-0.6510122,-8.9522295,0,0,Nominal
8.0471115,-7.448918,1,0,Nominal
12.428485,-7.317156,1,0,Nominal
6.9938364,-10.151006,1,0,Nominal
11.587384,-7.3564844,1,0,Nominal
11.424133,-6.378504,1,0,Nominal
2.9461553,-6.5214577,1,0,Nominal
10.865935,10.174599,1,1,Anomaly
10.344083,-6.519445,1,0,Nominal
0.6880265,-3.9188871,1,0,Nominal
13.671033,-5.0515604,1,0,Nominal
8.610232,-9.640868,1,0,Nominal
13.693943,-6.324744,1,0,Nominal
-1.8667088,-9.75158,0,0,Nominal
12.0440035,-7.5757875,1,0,Nominal
13.932688,-6.922509,1,0,Nominal
4.416602,-6.086536,1,0,Nominal
4.5541983,-5.979258,1,0,Nominal
12.221126,-7.3439417,1,0,Nominal
12.081738,-7.536436,1,0,Nominal
13.992943,-5.1409893,1,0,Nominal
9.905389,-5.8978853,1,0,Nominal
-3.4748185,8.049857,0,1,AttackFlag
1.4130571,-10.480544,1,0,Nominal
14.667631,-7.754878,1,0,Nominal
12.153619,-3.976088,1,0,Nominal
12.727431,-9.362071,1,0,Nominal
13.110047,-9.171013,1,0,Nominal
18.090704,-8.628794,1,0,Nominal
12.254711,-9.562219,1,0,Nominal
21.909668,-6.365224,1,0,Nominal
7.898672,1.3621526,1,1,Anomaly
-8.035829,8.323021,0,1,AttackFlag
-3.857015,-13.365426,0,0,Nominal
7.560322,-8.651687,1,0,Nominal
12.74394,-6.7524605,1,0,Nominal
4.1925173,-6.2464523,1,0,Nominal
7.0966873,-8.538761,1,0,Nominal
10.104402,-6.5919986,1,0,Nominal
4.583708,-5.32955,1,0,Nominal
7.4865093,-13.5662565,1,0,Nominal
12.951837,-6.4830356,1,0,Nominal
5.272176,-3.760418,1,0,Nominal
12.418268,-6.914572,1,0,Nominal
14.449865,-7.1112003,1,0,Nominal
6.0970535,-6.159504,1,0,Nominal
15.39141,-4.105625,1,0,Nominal
12.186138,-7.4379873,1,0,Nominal
0.21663299,-9.926402,0,0,Nominal
6.257042,-9.628505,1,0,Nominal
14.125407,-7.2776227,1,0,Nominal
-1.9903533,-9.867099,0,0,Nominal
3.0705411,7.0141416,1,1,Anomaly
10.591153,-6.257347,1,0,Nominal
12.196664,-9.497495,1,0,Nominal
-4.719618,1.6560405,0,1,AttackFlag
14.479175,-6.1328087,1,0,Nominal
9.153114,-5.7125945,1,0,Nominal
2.483016,-6.372667,1,0,Nominal
13.224929,-5.801356,1,0,Nominal
-2.7253177,-12.459123,0,0,Nominal
51.04512,-14.272826,1,0,Nominal
12.897297,-6.808636,1,0,Nominal
1.1568477,-6.743434,1,0,Nominal
13.617,-8.841444,1,0,Nominal
13.218339,11.367078,1,1,Anomaly
13.312648,-9.000595,1,0,Nominal
-2.8085608,-7.9987497,0,0,Nominal
-3.3761046,4.422001,0,1,AttackFlag
-0.27550784,-7.22735,0,0,Nominal
1.1107223,-9.179767,1,0,Nominal
4.3220596,-4.403906,1,0,Nominal
13.736599,-2.0669518,1,0,Nominal
13.918595,-6.5586214,1,0,Nominal
15.039284,-7.337489,1,0,Nominal
-5.820059,5.13929,0,1,AttackFlag
14.260949,-7.5665464,1,0,Nominal
10.611978,-2.874498,1,0,Nominal
6.439438,-8.709994,1,0,Nominal
11.098998,-5.7353745,1,0,Nominal
12.077706,-7.5392933,1,0,Nominal
14.705647,-6.484086,1,0,Nominal
1.842543,-6.4262323,1,0,Nominal
14.62778,-6.0370836,1,0,Nominal
13.970331,-7.071336,1,0,Nominal
13.674785,-6.6549864,1,0,Nominal
12.324349,-7.108434,1,0,Nominal
12.316372,-7.656643,1,0,Nominal
14.5771265,-6.301954,1,0,Nominal
14.888936,-5.594331,1,0,Nominal
4.1456842,-6.269717,1,0,Nominal
0.2688212,-8.849393,0,0,Nominal
-0.06535515,-6.7105203,0,0,Nominal
12.315422,-7.524037,1,0,Nominal
13.497392,-6.4902573,1,0,Nominal
13.837201,-6.9455295,1,0,Nominal
12.2840185,-5.303913,1,0,Nominal
13.427367,-7.1660185,1,0,Nominal
-1.4678131,8.692565,0,1,AttackFlag
14.604039,-4.9942074,1,0,Nominal
4.2147083,-6.32485,1,0,Nominal
-4.311943,5.2928286,0,1,AttackFlag
5.1659317,-5.6897326,1,0,Nominal
11.359181,-6.7575774,1,0,Nominal
-1.0969764,-8.684545,0,0,Nominal
12.462493,-2.550778,1,0,Nominal
12.021135,-8.841622,1,0,Nominal
12.571487,-7.3352494,1,0,Nominal
15.231046,-7.3226967,1,0,Nominal
11.949807,-3.2250733,1,0,Nominal
10.765313,-3.5793724,1,0,Nominal
3.8135908,-9.65335,1,0,Nominal
14.6654825,-5.4262295,1,0,Nominal
13.475079,-7.097874,1,0,Nominal
3.7106779,-4.263483,1,0,Nominal
12.967287,-6.502146,1,0,Nominal
0.35067755,-7.63387,0,0,Nominal
-4.796854,8.724122,0,1,AttackFlag
1.1836001,-3.1781974,1,0,Nominal
0.25029498,-11.920311,0,0,Nominal
7.6861153,10.325032,1,1,Anomaly
-2.2260702,-12.4982,0,0,Nominal
15.080144,-6.885308,1,0,Nominal
8.469942,-5.3441386,1,0,Nominal
8.007147,-7.5933003,1,0,Nominal
14.357959,-6.8636045,1,0,Nominal
3.2484272,-14.434749,1,0,Nominal
4.194912,-13.974902,1,0,Nominal
13.66652,-5.9682484,1,0,Nominal
13.008746,-4.612116,1,0,Nominal
2.6281102,-3.9944549,1,0,Nominal
12.754614,-6.0838585,1,0,Nominal
12.705951,-6.7788916,1,0,Nominal
-3.2052753,-12.179303,0,0,Nominal
13.322749,-6.405843,1,0,Nominal
19.219385,-7.328611,1,0,Nominal
1.4436474,9.438731,1,1,Anomaly
-0.4142276,-7.2464304,0,0,Nominal
12.774484,-7.545315,1,0,Nominal
8.00585,-7.50331,1,0,Nominal
14.144403,-7.8339148,1,0,Nominal
-3.1221104,4.642722,0,1,AttackFlag
4.888509,-4.411978,1,0,Nominal
9.460967,-9.375516,1,0,Nominal
13.320126,-6.891814,1,0,Nominal
14.5140505,-6.8153834,1,0,Nominal
5.4655056,9.848273,1,1,Anomaly
14.447825,-6.2425156,1,0,Nominal
11.509179,-6.61782,1,0,Nominal
12.207132,-7.2132154,1,0,Nominal
11.3498955,-3.2223787,1,0,Nominal
18.33981,-2.7953591,1,0,Nominal
14.61816,-6.224592,1,0,Nominal
12.914524,-6.7742176,1,0,Nominal
-6.481267,-0.40973353,0,0,Nominal
13.138647,-6.5168924,1,0,Nominal
-3.597368,5.2476435,0,1,AttackFlag
13.291296,18.142103,1,1,Anomaly
4.0844517,-4.60402,1,0,Nominal
4.113571,-15.635667,1,0,Nominal
5.7369175,4.8585167,1,1,Anomaly
7.2966022,-12.56882,1,0,Nominal
12.737468,-5.0666523,1,0,Nominal
4.748934,-6.9705906,1,0,Nominal
14.958813,-6.668307,1,0,Nominal
12.527297,-6.6544447,1,0,Nominal
16.581348,-7.7716894,1,0,Nominal
4.600296,-5.2500696,1,0,Nominal
13.365922,-6.83924,1,0,Nominal
14.91573,-6.99578,1,0,Nominal
13.56762,-9.150988,1,0,Nominal
-9.489633,4.2306304,0,1,AttackFlag
14.665224,-5.9768934,1,0,Nominal
12.316637,-10.032397,1,0,Nominal
-0.27200794,-11.626644,0,0,Nominal
-4.30696,5.316902,0,1,AttackFlag
-10.507905,2.2583914,0,1,AttackFlag
17.035162,-8.819142,1,0,Nominal
14.4255,-6.2969494,1,0,Nominal
0.772393,-5.1550574,1,0,Nominal
12.77978,-3.420258,1,0,Nominal
2.3724606,-10.331583,1,0,Nominal
-5.5277996,6.4582777,0,1,AttackFlag
8.184489,-5.166994,1,0,Nominal
7.77067,-8.489575,1,0,Nominal
-1.3213217,4.5969906,0,1,AttackFlag
12.188575,-7.416486,1,0,Nominal
13.464231,-6.911315,1,0,Nominal
20.240522,4.659552,1,1,Anomaly
11.702493,-7.280354,1,0,Nominal
13.82506,-6.716228,1,0,Nominal
-9.167857,1.0793337,0,1,AttackFlag
-2.5232632,-8.131494,0,0,Nominal
12.552602,-4.8605776,1,0,Nominal
4.7432795,-5.594397,1,0,Nominal
1.7086763,-13.687773,1,0,Nominal
13.802054,-8.6802,1,0,Nominal
5.379941,-4.8273163,1,0,Nominal
-0.8515531,5.985287,0,1,AttackFlag
4.8181715,-4.7067013,1,0,Nominal
7.5203667,10.672906,1,1,Anomaly
13.0338125,-7.0684967,1,0,Nominal
-10.5128765,10.186492,0,1,AttackFlag
8.238429,-5.122964,1,0,Nominal
12.006631,-7.4753423,1,0,Nominal
12.359151,-5.637216,1,0,Nominal
13.686575,-7.2559757,1,0,Nominal
14.991754,-6.638763,1,0,Nominal
13.884814,-7.009344,1,0,Nominal
7.3897448,-8.081012,1,0,Nominal
13.653663,-6.8365173,1,0,Nominal
14.205467,-7.2376184,1,0,Nominal
5.4525347,-10.0629015,1,0,Nominal
15.202153,-6.9573574,1,0,Nominal
9.02035,-5.152837,1,0,Nominal
-11.105777,-0.2819758,0,0,Nominal
14.529196,-7.3811913,1,0,Nominal
13.246336,-6.1233196,1,0,Nominal
1.9180806,-6.853791,1,0,Nominal
13.803279,-6.59478,1,0,Nominal
8.687106,-12.585174,1,0,Nominal
-10.304199,4.34403,0,1,AttackFlag
5.013129,-12.497653,1,0,Nominal
12.1444645,-7.596894,1,0,Nominal
9.645741,-6.8946238,1,0,Nominal
-7.097082,9.625959,0,1,AttackFlag
-2.1544185,5.873629,0,1,AttackFlag
11.72523,-8.283648,1,0,Nominal
11.802922,-4.3963146,1,0,Nominal
10.936725,-10.054881,1,0,Nominal
-0.15030146,-9.722589,0,0,Nominal
-8.769941,1.7837204,0,1,AttackFlag
14.204429,-6.5440106,1,0,Nominal
-0.15928456,-5.0231934,0,0,Nominal
1.0602975,-5.2918844,1,0,Nominal
3.779537,-6.601056,1,0,Nominal
13.306427,-6.7730246,1,0,Nominal
12.787894,-6.6544824,1,0,Nominal
-4.1015654,5.5026617,0,1,AttackFlag
10.897545,-6.232929,1,0,Nominal
13.396485,-6.955594,1,0,Nominal
13.129701,-6.1691284,1,0,Nominal
10.131536,-14.704568,1,0,Nominal
13.795345,-6.595528,1,0,Nominal
14.107318,-4.3693624,1,0,Nominal
-7.41376,3.4336529,0,1,AttackFlag
21.67007,-7.3203306,1,0,Nominal
-1.3174778,-1.9866399,0,0,Nominal
7.4481363,-9.962007,1,0,Nominal
12.009717,-7.5611906,1,0,Nominal
9.99393,-6.392555,1,0,Nominal
16.6891,-4.9465976,1,0,Nominal
7.3452597,-7.7630014,1,0,Nominal
4.80628,-5.547187,1,0,Nominal
14.506654,-6.0320754,1,0,Nominal
0.26294053,-14.90434,0,0,Nominal
4.886652,-4.665901,1,0,Nominal
8.208547,-11.693097,1,0,Nominal
0.31060162,-4.0956326,0,0,Nominal
5.6686163,-5.109807,1,0,Nominal
-7.456459,7.1822624,0,1,AttackFlag
1.6404097,-6.167449,1,0,Nominal
11.99507,-9.155556,1,0,Nominal
-7.3111315,3.4861379,0,1,AttackFlag
14.004068,-8.59052,1,0,Nominal
-3.9171462,3.9958873,0,1,AttackFlag
12.975935,-4.2722416,1,0,Nominal
11.801717,-6.7063484,1,0,Nominal
12.348807,-7.207902,1,0,Nominal
12.231692,-8.920883,1,0,Nominal
-1.9193819,-7.2177963,0,0,Nominal
8.778041,-5.583674,1,0,Nominal
5.7188673,-11.696521,1,0,Nominal
1.419533,-6.255482,1,0,Nominal
7.7338896,6.111375,1,1,Anomaly
8.649828,-5.184345,1,0,Nominal
-5.892395,3.5389714,0,1,AttackFlag
13.537153,-6.5970154,1,0,Nominal
3.7977316,-7.250353,1,0,Nominal
14.6592865,-5.8292313,1,0,Nominal
8.006997,-7.3906565,1,0,Nominal
5.524993,-12.619127,1,0,Nominal
-5.4224443,4.0408864,0,1,AttackFlag
14.272992,-6.22944,1,0,Nominal
4.6564894,-10.980849,1,0,Nominal
14.9190855,-10.029173,1,0,Nominal
-8.694858,5.1093245,0,1,AttackFlag
-3.219192,3.946858,0,1,AttackFlag
14.482425,-6.594878,1,0,Nominal
17.741323,-7.542015,1,0,Nominal
18.800425,-3.748053,1,0,Nominal
6.8895006,-8.982639,1,0,Nominal
9.056645,-5.686204,1,0,Nominal
4.1722765,-6.5077543,1,0,Nominal
-2.1116657,-11.295789,0,0,Nominal
0.70009226,-7.523366,1,0,Nominal
9.812291,-8.7002325,1,0,Nominal
12.245046,-7.4335403,1,0,Nominal
-3.3329082,2.4438753,0,1,AttackFlag
8.217247,-6.452945,1,0,Nominal
0.8463057,-8.056923,1,0,Nominal
12.361017,-7.298483,1,0,Nominal
15.197305,-3.2019892,1,0,Nominal
10.113722,-9.640735,1,0,Nominal
-9.27586,6.29651,0,1,AttackFlag
14.862712,-6.5899587,1,0,Nominal
14.330292,-7.5468388,1,0,Nominal
4.7010355,-4.544297,1,0,Nominal
3.7134302,-4.5253696,1,0,Nominal
-9.592024,3.1539807,0,1,AttackFlag
13.871114,-6.5326815,1,0,Nominal
2.8693848,-6.3305435,1,0,Nominal
3.9626758,-6.47364,1,0,Nominal
-6.3755856,-0.2923075,0,0,Nominal
-4.1655226,5.94629,0,1,AttackFlag
13.821475,-6.451988,1,0,Nominal
14.244578,-6.0708485,1,0,Nominal
5.8989763,-6.407755,1,0,Nominal
11.058779,-6.110366,1,0,Nominal
12.48203,-7.4966917,1,0,Nominal
4.1060715,-5.2858453,1,0,Nominal
16.984234,-6.9437194,1,0,Nominal
13.117511,-6.5516543,1,0,Nominal
12.705258,-7.2196903,1,0,Nominal
-6.4794846,7.8730536,0,1,AttackFlag
-4.304861,6.1513968,0,1,AttackFlag
7.7248917,-14.575824,1,0,Nominal
13.129872,-6.9728355,1,0,Nominal
11.467996,-9.281373,1,0,Nominal
-4.038419,6.1807537,0,1,AttackFlag
10.669882,-9.89775,1,0,Nominal
11.237834,-6.2986107,1,0,Nominal
27.35341,27.331137,1,1,Anomaly
-6.2517023,0.4678121,0,1,AttackFlag
-3.641031,5.016365,0,1,AttackFlag
5.040717,-4.514749,1,0,Nominal
13.419114,-5.9818087,1,0,Nominal
14.879891,-7.91146,1,0,Nominal
8.775815,-6.137526,1,0,Nominal
1.2808224,-6.7134476,1,0,Nominal
1.5305476,-5.969965,1,0,Nominal
13.671108,-7.3157015,1,0,Nominal
7.016671,14.494899,1,1,Anomaly
6.092967,-8.215537,1,0,Nominal
4.374732,-4.0281034,1,0,Nominal
14.022934,-7.0948067,1,0,Nominal
14.767882,-7.9715176,1,0,Nominal
5.1557245,-6.8739376,1,0,Nominal
4.6086197,-4.502487,1,0,Nominal
12.065236,-6.330972,1,0,Nominal
14.78403,-6.1684127,1,0,Nominal
11.706527,-7.362085,1,0,Nominal
4.5186625,11.43661,1,1,Anomaly
4.1431055,-6.478817,1,0,Nominal
4.0279293,-5.200588,1,0,Nominal
13.20404,-5.9427967,1,0,Nominal
-1.7430389,-9.936119,0,0,Nominal
-1.154716,-11.681828,0,0,Nominal
5.3450193,12.671801,1,1,Anomaly
1.5657362,-8.610549,1,0,Nominal
4.82269,-5.3660364,1,0,Nominal
4.3650465,-6.442899,1,0,Nominal
14.01902,-6.459343,1,0,Nominal
13.684611,-6.557105,1,0,Nominal
7.5811996,-10.705376,1,0,Nominal
17.763283,-3.5441499,1,0,Nominal
19.300941,-3.242641,1,0,Nominal
-2.867443,5.7107925,0,1,AttackFlag
8.139284,-9.751782,1,0,Nominal
15.070966,-6.448005,1,0,Nominal
6.2640705,-6.5767756,1,0,Nominal
3.2515614,-4.5208497,1,0,Nominal
5.2344093,-12.920615,1,0,Nominal
5.062133,-17.122072,1,0,Nominal
15.703786,-6.8015513,1,0,Nominal
14.037846,-7.419392,1,0,Nominal
12.666122,-7.1263194,1,0,Nominal
1.0988582,-5.332383,1,0,Nominal
7.3412647,-6.8473964,1,0,Nominal
13.274334,-6.522338,1,0,Nominal
13.684706,-6.58821,1,0,Nominal
-2.5508862,11.643156,0,1,AttackFlag
1.7218616,-19.042854,1,0,Nominal
0.57161987,-3.9695854,1,0,Nominal
13.030205,-7.929126,1,0,Nominal
-1.5168201,6.8916216,0,1,AttackFlag
12.380974,-7.2354774,1,0,Nominal
12.837316,-6.6273155,1,0,Nominal
12.189492,-7.5569277,1,0,Nominal
4.6400137,13.488034,1,1,Anomaly
-4.9497833,4.8306165,0,1,AttackFlag
15.15315,-2.2586117,1,0,Nominal
16.192612,-6.1627235,1,0,Nominal
4.347245,-5.281817,1,0,Nominal
8.258653,-5.0949926,1,0,Nominal
12.778696,-6.9478045,1,0,Nominal
13.00125,-5.8318634,1,0,Nominal
14.319072,-7.0440874,1,0,Nominal
11.219056,-9.781461,1,0,Nominal
12.466703,-6.696529,1,0,Nominal
7.647915,4.8209457,1,1,Anomaly
0.73358804,-9.822309,1,0,Nominal
-7.78691,12.606288,0,1,AttackFlag
17.707098,-6.2055516,1,0,Nominal
-6.84838,5.5040474,0,1,AttackFlag
18.340822,-5.799246,1,0,Nominal
-8.583061,5.4865956,0,1,AttackFlag
11.8475485,-9.015658,1,0,Nominal
14.478469,-6.4679885,1,0,Nominal
11.734982,-7.30875,1,0,Nominal
-5.6569853,-3.6092858,0,0,Nominal
13.01269,-7.400565,1,0,Nominal
1.5212379,-11.182073,1,0,Nominal
-2.6154163,5.9038916,0,1,AttackFlag
13.696707,-10.791028,1,0,Nominal
0.8386902,-6.981351,1,0,Nominal
14.213583,-7.7926216,1,0,Nominal
11.443181,-7.7535944,1,0,Nominal
1.4203434,-6.7615356,1,0,Nominal
10.322581,-8.613424,1,0,Nominal
10.176955,-5.8088827,1,0,Nominal
-0.97448766,-6.432148,0,0,Nominal
12.105265,14.243233,1,1,Anomaly
12.514872,-9.339797,1,0,Nominal
13.997728,-6.3999615,1,0,Nominal
17.458124,18.766586,1,1,Anomaly
-0.14693668,-9.089568,0,0,Nominal
12.839765,-6.720212,1,0,Nominal
13.317016,-1.7251422,1,0,Nominal
13.030135,-3.2822094,1,0,Nominal
8.094899,-7.5445757,1,0,Nominal
12.173222,-7.337496,1,0,Nominal
-4.4383526,6.587798,0,1,AttackFlag
13.584891,-8.331888,1,0,Nominal
4.9830275,-4.2281713,1,0,Nominal
14.443963,-7.423587,1,0,Nominal
6.5990286,-7.505548,1,0,Nominal
14.780541,-7.5587664,1,0,Nominal
-9.437219,4.85067,0,1,AttackFlag
-0.9713917,-13.589705,0,0,Nominal
12.89606,-6.735713,1,0,Nominal
4.1277485,-6.427142,1,0,Nominal
4.5290737,-5.8617463,1,0,Nominal
4.174054,-6.097162,1,0,Nominal
8.316605,-5.5384707,1,0,Nominal
7.1370907,-8.941094,1,0,Nominal
12.884919,-7.9444456,1,0,Nominal
-1.795319,-7.1593475,0,0,Nominal
4.647108,-7.1767244,1,0,Nominal
4.2461376,-4.239679,1,0,Nominal
13.927343,-7.276045,1,0,Nominal
14.545968,-7.3445034,1,0,Nominal
12.366726,-6.014107,1,0,Nominal
0.87238675,-12.831902,1,0,Nominal
5.7752466,-4.8318377,1,0,Nominal
2.6555624,9.256243,1,1,Anomaly
-8.028764,0.050676286,0,0,Nominal
13.102005,-6.483574,1,0,Nominal
-1.5799537,-10.065106,0,0,Nominal
1.2888484,-5.2017603,1,0,Nominal
12.529571,-7.194911,1,0,Nominal
13.347532,-6.403702,1,0,Nominal
13.919828,-5.561098,1,0,Nominal
12.237655,-7.413184,1,0,Nominal
13.60286,-7.554243,1,0,Nominal
-0.09109831,-0.66640246,0,0,Nominal
3.6146128,-2.3986158,1,0,Nominal
5.323702,10.273351,1,1,Anomaly
13.428638,-7.6476126,1,0,Nominal
3.5949197,6.313348,1,1,Anomaly
-2.9715035,6.448035,0,1,AttackFlag
4.6795874,-9.455475,1,0,Nominal
12.972943,-6.338457,1,0,Nominal
21.822344,-5.206499,1,0,Nominal
17.874508,-9.000459,1,0,Nominal
15.1317625,-6.3618135,1,0,Nominal
-0.7975379,-11.67605,0,0,Nominal
11.091536,-12.531531,1,0,Nominal
12.32891,-3.4040513,1,0,Nominal
9.201196,-5.921184,1,0,Nominal
-4.3267384,5.9611588,0,1,AttackFlag
4.7384624,-5.25683,1,0,Nominal
-10.814828,3.9038548,0,1,AttackFlag
-2.9006517,-12.069707,0,0,Nominal
9.524465,-11.134758,1,0,Nominal
13.741167,-6.2939444,1,0,Nominal
14.33234,-6.716593,1,0,Nominal
12.616218,-6.2461243,1,0,Nominal
13.962267,-5.5388775,1,0,Nominal
2.8252254,-13.51882,1,0,Nominal
14.093413,-6.678207,1,0,Nominal
4.390913,-5.4308996,1,0,Nominal
11.0279,-9.229991,1,0,Nominal
12.830144,-5.755472,1,0,Nominal
4.8462696,-5.5668197,1,0,Nominal
14.362903,-4.9823284,1,0,Nominal
13.098352,-5.7330456,1,0,Nominal
4.714386,-10.137862,1,0,Nominal
14.133697,-6.6397038,1,0,Nominal
5.2332945,-4.038375,1,0,Nominal
15.284974,-6.88356,1,0,Nominal
8.183579,-5.202868,1,0,Nominal
0.09319383,-9.043927,0,0,Nominal
12.132709,-4.423823,1,0,Nominal
6.154728,-7.3117547,1,0,Nominal
0.22759247,6.5075426,0,1,AttackFlag
5.4321814,-12.001271,1,0,Nominal
11.932069,-4.559291,1,0,Nominal
6.099847,-4.853313,1,0,Nominal
12.453877,-8.811688,1,0,Nominal
22.125486,-5.774185,1,0,Nominal
12.625133,-8.217426,1,0,Nominal
12.820992,-6.686239,1,0,Nominal
14.731456,-6.004886,1,0,Nominal
16.005608,-4.9933186,1,0,Nominal
14.488914,-4.932613,1,0,Nominal
13.8662615,-7.377337,1,0,Nominal
5.548135,7.551288,1,1,Anomaly
4.5523853,-5.225665,1,0,Nominal
7.7971106,-5.272296,1,0,Nominal
3.373181,-5.684329,1,0,Nominal
14.297282,-6.0310483,1,0,Nominal
13.018329,-6.3427477,1,0,Nominal
4.815754,-4.4747734,1,0,Nominal
7.01219,-14.809014,1,0,Nominal
10.30344,-6.205596,1,0,Nominal
18.317892,-5.726791,1,0,Nominal
12.620521,-7.1307917,1,0,Nominal
-2.8405383,4.883817,0,1,AttackFlag
11.032831,-8.520387,1,0,Nominal
4.842325,-5.4882765,1,0,Nominal
14.656526,-5.841874,1,0,Nominal
-5.356509,1.5603102,0,1,AttackFlag
4.641839,-16.892479,1,0,Nominal
-3.8303435,8.251397,0,1,AttackFlag
7.525075,-6.8160515,1,0,Nominal
12.222568,-6.879899,1,0,Nominal
-4.0606785,1.6625239,0,1,AttackFlag
10.153554,-3.8639822,1,0,Nominal
-9.827857,1.6262922,0,1,AttackFlag
1.6311421,-6.8067846,1,0,Nominal
3.0842507,-1.8879498,1,0,Nominal
-0.2703809,-7.278858,0,0,Nominal
12.172105,-7.3382587,1,0,Nominal
13.112777,-6.9025908,1,0,Nominal
4.232541,9.289641,1,1,Anomaly
15.777056,-6.444863,1,0,Nominal
13.884452,-5.591955,1,0,Nominal
12.260775,11.221912,1,1,Anomaly
3.4811268,-5.696624,1,0,Nominal
2.2521493,8.716598,1,1,Anomaly
2.5378323,-6.3358126,1,0,Nominal
-5.585599,7.0014744,0,1,AttackFlag
13.383338,-6.2294865,1,0,Nominal
13.706531,-5.602631,1,0,Nominal
13.011561,-2.2181888,1,0,Nominal
0.91227293,-10.493069,1,0,Nominal
14.246921,-6.401951,1,0,Nominal
15.513604,-5.004428,1,0,Nominal
6.5565443,-8.023135,1,0,Nominal
7.5326033,-5.0211506,1,0,Nominal
13.455861,-6.381444,1,0,Nominal
3.8878825,-2.7344837,1,0,Nominal
2.3621566,-9.441769,1,0,Nominal
6.0035686,-15.928126,1,0,Nominal
13.325125,-6.131448,1,0,Nominal
15.078374,-5.9987545,1,0,Nominal
4.950533,-6.1806965,1,0,Nominal
-7.1332045,-0.3724224,0,0,Nominal
4.315422,-3.175335,1,0,Nominal
13.386153,-6.3892555,1,0,Nominal
2.5986834,4.2402554,1,1,Anomaly
-3.9452055,8.024183,0,1,AttackFlag
12.175164,-5.5761733,1,0,Nominal
-11.443264,3.8229704,0,1,AttackFlag
5.3113766,-16.35551,1,0,Nominal
15.641009,-7.9201603,1,0,Nominal
8.141885,-8.424078,1,0,Nominal
13.682013,-5.6592546,1,0,Nominal
11.828903,-8.868116,1,0,Nominal
1.8589963,9.192509,1,1,Anomaly
11.886456,-5.8774796,1,0,Nominal
3.5662587,-10.278243,1,0,Nominal
12.272767,14.000326,1,1,Anomaly
4.501642,-5.624242,1,0,Nominal
-5.6950865,2.2530856,0,1,AttackFlag
13.407667,-6.7063694,1,0,Nominal
13.555593,-6.9085426,1,0,Nominal
-7.0401506,0.7396626,0,1,AttackFlag
-6.698249,-0.39984322,0,0,Nominal
11.65841,-5.2428064,1,0,Nominal
6.4151793,-11.226146,1,0,Nominal
14.193004,-5.6034575,1,0,Nominal
13.276391,-9.4130945,1,0,Nominal
-2.5359328,5.400091,0,1,AttackFlag
-2.2868018,5.4199753,0,1,AttackFlag
14.857989,-5.802616,1,0,Nominal
13.889286,-6.3687954,1,0,Nominal
6.440111,-8.273845,1,0,Nominal
8.657784,-5.4895105,1,0,Nominal
14.516009,-6.2585745,1,0,Nominal
9.566807,-5.0834985,1,0,Nominal
10.654597,-9.583086,1,0,Nominal
7.5962477,-6.9431114,1,0,Nominal
-3.6928368,5.144114,0,1,AttackFlag
14.827702,-6.221425,1,0,Nominal
15.916739,-5.805669,1,0,Nominal
11.947096,-8.2167,1,0,Nominal
1.1622446,-5.007026,1,0,Nominal
3.222655,-6.468301,1,0,Nominal
15.865643,-8.558166,1,0,Nominal
9.083006,-5.8803587,1,0,Nominal
0.3639229,9.319181,0,1,AttackFlag
13.51505,6.824859,1,1,Anomaly
13.385245,-6.973075,1,0,Nominal
10.480152,-5.4054375,1,0,Nominal
14.063263,-6.704876,1,0,Nominal
7.532304,-10.360204,1,0,Nominal
4.7746267,-4.9550066,1,0,Nominal
12.327296,-6.9527636,1,0,Nominal
13.798057,-6.511941,1,0,Nominal
5.1427717,-5.9608603,1,0,Nominal
9.628186,-6.145176,1,0,Nominal
-5.087865,4.3222938,0,1,AttackFlag
16.58523,-7.0627246,1,0,Nominal
6.2462187,-8.619722,1,0,Nominal
12.312006,-6.38195,1,0,Nominal
12.037438,12.400704,1,1,Anomaly
17.119946,-6.94401,1,0,Nominal
13.72456,-6.230707,1,0,Nominal
12.439621,-7.0930467,1,0,Nominal
12.556622,-7.338698,1,0,Nominal
11.716017,-9.3439455,1,0,Nominal
14.390206,-2.6623173,1,0,Nominal
7.0491962,2.5385957,1,1,Anomaly
-1.7404236,-12.61444,0,0,Nominal
12.46118,-7.353018,1,0,Nominal
17.654236,-9.1671915,1,0,Nominal
9.95332,-8.633363,1,0,Nominal
13.612473,-4.8953276,1,0,Nominal
-5.8188543,4.9564676,0,1,AttackFlag
-7.8138733,4.3006077,0,1,AttackFlag
11.073539,-2.630169,1,0,Nominal
5.898038,-11.289427,1,0,Nominal
14.3171215,-7.3530807,1,0,Nominal
-4.8772297,1.6004331,0,1,AttackFlag
0.8792151,-5.8717422,1,0,Nominal
12.835257,-6.826326,1,0,Nominal
14.62617,-5.9626226,1,0,Nominal
-0.9232307,-11.11797,0,0,Nominal
-4.076648,5.4197226,0,1,AttackFlag
10.629045,-7.509307,1,0,Nominal
3.1554654,9.149755,1,1,Anomaly
1.7097735,-4.9772215,1,0,Nominal
-0.06262651,-6.7822247,0,0,Nominal
24.600206,20.684963,1,1,Anomaly
7.8086996,-8.356401,1,0,Nominal
-3.674247,-11.316,0,0,Nominal
5.811822,-7.69725,1,0,Nominal
9.365812,-6.1665344,1,0,Nominal
8.320565,-6.257303,1,0,Nominal
11.798365,-5.895212,1,0,Nominal
13.674874,-5.9511385,1,0,Nominal
3.8681107,-4.7121744,1,0,Nominal
3.219538,-7.846924,1,0,Nominal
14.728271,-6.3235555,1,0,Nominal
10.172007,-6.473148,1,0,Nominal
0.668761,-4.029462,1,0,Nominal
12.495269,-7.387525,1,0,Nominal
-3.0068662,5.1063786,0,1,AttackFlag
12.959527,-6.8910685,1,0,Nominal
2.2182167,-12.21923,1,0,Nominal
5.378927,-9.861831,1,0,Nominal
13.35761,-6.7579174,1,0,Nominal
13.524432,-7.299756,1,0,Nominal
8.42194,-5.2938013,1,0,Nominal
8.298004,-10.112025,1,0,Nominal
11.429587,-9.363833,1,0,Nominal
12.287045,-7.5270543,1,0,Nominal
15.006158,-8.7270155,1,0,Nominal
12.647342,-7.1412544,1,0,Nominal
-2.9824102,2.9449997,0,1,AttackFlag
5.586439,-6.1316366,1,0,Nominal
1.4512684,-4.8436565,1,0,Nominal
51.181408,-7.4194727,1,0,Nominal
4.685975,-5.4837403,1,0,Nominal
-7.8945208,-2.4181113,0,0,Nominal
6.645302,-8.196326,1,0,Nominal
-1.5813677,-9.678357,0,0,Nominal
12.799153,-6.7075977,1,0,Nominal
12.058752,-7.50856,1,0,Nominal
4.4965057,-6.354287,1,0,Nominal
5.591198,-15.519473,1,0,Nominal
-2.6343396,5.905837,0,1,AttackFlag
17.447548,-7.406048,1,0,Nominal
12.928374,-6.791444,1,0,Nominal
9.702911,20.895447,1,1,Anomaly
3.3034952,-3.9758606,1,0,Nominal
12.552131,-7.1798396,1,0,Nominal
2.8540635,9.327043,1,1,Anomaly
8.356793,-6.2369924,1,0,Nominal
4.904191,-9.3590145,1,0,Nominal
10.841605,-10.411551,1,0,Nominal
4.6972237,-4.6648035,1,0,Nominal
12.5559635,-3.0460734,1,0,Nominal
6.2994146,-7.0402784,1,0,Nominal
1.7218429,-6.500339,1,0,Nominal
17.046026,-4.7440195,1,0,Nominal
-1.7386585,4.242923,0,1,AttackFlag
4.122548,-6.331682,1,0,Nominal
11.1335125,-8.385486,1,0,Nominal
12.418587,-8.050541,1,0,Nominal
13.424719,-6.987239,1,0,Nominal
11.8961115,-5.7548046,1,0,Nominal
14.487134,-6.9298553,1,0,Nominal
3.2404938,-7.223157,1,0,Nominal
-4.1474895,6.302245,0,1,AttackFlag
14.534689,-6.8723803,1,0,Nominal
3.433746,-16.11995,1,0,Nominal
13.749708,-6.5734057,1,0,Nominal
15.751216,-7.236665,1,0,Nominal
5.161484,-4.7616453,1,0,Nominal
13.275902,-3.493649,1,0,Nominal
16.793543,-11.261262,1,0,Nominal
1.7796887,-4.0297046,1,0,Nominal
11.297341,0.31875867,1,1,Anomaly
14.968222,-6.6552353,1,0,Nominal
8.687448,15.349908,1,1,Anomaly
13.797823,-7.3455606,1,0,Nominal
6.7536783,-4.6203136,1,0,Nominal
13.638068,-7.025498,1,0,Nominal
15.288621,-6.0967007,1,0,Nominal
12.925767,-6.457641,1,0,Nominal
-0.21531683,-8.401959,0,0,Nominal
12.701695,-1.7223302,1,0,Nominal
26.942116,20.711994,1,1,Anomaly
5.2225695,-4.555744,1,0,Nominal
-4.1192474,5.8229895,0,1,AttackFlag
1.3722119,-6.2202597,1,0,Nominal
16.623117,-6.9974976,1,0,Nominal
12.004889,-6.562877,1,0,Nominal
1.407837,-5.8979216,1,0,Nominal
12.629389,-5.894452,1,0,Nominal
1.3106283,-5.0115848,1,0,Nominal
14.179324,-7.571518,1,0,Nominal
14.495402,-6.2739296,1,0,Nominal
10.926051,-6.261686,1,0,Nominal
9.558343,10.552714,1,1,Anomaly
6.494527,-12.209287,1,0,Nominal
-6.502983,6.245162,0,1,AttackFlag
7.9764624,-9.543944,1,0,Nominal
12.101254,-5.884814,1,0,Nominal
3.7308626,-6.4366016,1,0,Nominal
11.282524,-3.498577,1,0,Nominal
15.168145,-7.230589,1,0,Nominal
-8.467596,4.440202,0,1,AttackFlag
19.29764,-7.581954,1,0,Nominal
9.887186,-6.2048464,1,0,Nominal
-2.7725813,5.043333,0,1,AttackFlag
15.812623,-6.496717,1,0,Nominal
3.310673,-6.6762924,1,0,Nominal
-10.219382,5.450495,0,1,AttackFlag
16.526146,-3.406879,1,0,Nominal
12.465802,-7.0392323,1,0,Nominal
17.429344,-7.57532,1,0,Nominal
2.0336149,9.281832,1,1,Anomaly
10.238162,-6.5947714,1,0,Nominal
12.948979,-6.890507,1,0,Nominal
3.752576,-13.557767,1,0,Nominal
14.3059225,-6.9184046,1,0,Nominal
5.011386,-4.5335655,1,0,Nominal
8.6213455,-5.2614727,1,0,Nominal
6.125407,-9.709828,1,0,Nominal
-1.0454152,-11.462124,0,0,Nominal
14.157722,-6.2919755,1,0,Nominal
2.0432687,-14.358081,1,0,Nominal
12.873019,-7.162903,1,0,Nominal
1.2081457,-5.872259,1,0,Nominal
0.5228015,-4.1217327,1,0,Nominal
12.211626,-7.3586197,1,0,Nominal
4.0927677,-6.406189,1,0,Nominal
12.923274,-6.4283323,1,0,Nominal
7.492545,-9.880504,1,0,Nominal
-1.7417295,6.459566,0,1,AttackFlag
12.204971,-7.3908367,1,0,Nominal
7.3735294,8.6312065,1,1,Anomaly
3.6590178,-8.349398,1,0,Nominal
-0.23282188,-9.826662,0,0,Nominal
12.886298,-6.0776606,1,0,Nominal
11.08994,2.252903,1,1,Anomaly
-12.298906,1.0306871,0,1,AttackFlag
14.082423,-7.5261316,1,0,Nominal
11.934274,-8.651906,1,0,Nominal
14.852196,-8.548822,1,0,Nominal
9.145655,-8.852229,1,0,Nominal
5.3074207,-6.2923203,1,0,Nominal
7.87533,-5.5562487,1,0,Nominal
-9.038594,3.8777328,0,1,AttackFlag
11.337412,-6.0917726,1,0,Nominal
19.403551,-3.2600112,1,0,Nominal
-1.282235,-4.4338393,0,0,Nominal
1.0263473,-6.9966526,1,0,Nominal
-3.4318562,5.7218876,0,1,AttackFlag
5.1082983,-13.742769,1,0,Nominal
-4.6341925,4.740031,0,1,AttackFlag
15.239529,-6.9998074,1,0,Nominal
18.170967,-18.717049,1,0,Nominal
-2.471629,-9.203255,0,0,Nominal
-5.8596506,12.448415,0,1,AttackFlag
14.696353,-6.7470407,1,0,Nominal
13.346179,-7.256736,1,0,Nominal
12.517482,-4.8153486,1,0,Nominal
17.414242,-7.581664,1,0,Nominal
18.907827,-7.9757595,1,0,Nominal
3.9849584,-6.4971704,1,0,Nominal
10.805292,11.327254,1,1,Anomaly
1.6804765,-4.1873775,1,0,Nominal
13.647162,-5.988765,1,0,Nominal
-5.6221285,5.2879667,0,1,AttackFlag
13.273052,-7.3418016,1,0,Nominal
14.277726,-6.5393863,1,0,Nominal
-0.6120157,-7.668065,0,0,Nominal
-7.256481,4.8932805,0,1,AttackFlag
16.527332,-6.334404,1,0,Nominal
-7.403735,3.430777,0,1,AttackFlag
11.952324,-3.8901305,1,0,Nominal
-10.886525,3.6573281,0,1,AttackFlag
13.565038,-7.0569057,1,0,Nominal
1.7153704,-4.946104,1,0,Nominal
12.986151,-6.174819,1,0,Nominal
13.766149,-6.9202642,1,0,Nominal
7.978984,-5.6529145,1,0,Nominal
6.0040083,-6.3776484,1,0,Nominal
1.5570742,-3.8178258,1,0,Nominal
7.6780567,14.910712,1,1,Anomaly
13.739309,-6.2123966,1,0,Nominal
11.170177,-3.3592196,1,0,Nominal
-9.516566,0.1199909,0,0,Nominal
-0.07062706,-11.03111,0,0,Nominal
13.543481,-7.1719503,1,0,Nominal
-3.1022997,3.9302526,0,1,AttackFlag
5.27771,-12.636775,1,0,Nominal
10.310763,-4.717309,1,0,Nominal
-2.1426332,-7.589627,0,0,Nominal
12.774635,-6.80329,1,0,Nominal
12.32157,-7.1040487,1,0,Nominal
13.028549,-4.648591,1,0,Nominal
14.060414,-4.9978986,1,0,Nominal
9.593149,-8.088272,1,0,Nominal
12.874049,-7.0435886,1,0,Nominal
9.456183,-13.284681,1,0,Nominal
-0.52829903,-7.632472,0,0,Nominal
12.160815,-7.2256613,1,0,Nominal
6.278034,-7.091569,1,0,Nominal
12.203718,-7.343738,1,0,Nominal
3.7316737,-8.095399,1,0,Nominal
5.6216307,-7.115738,1,0,Nominal
7.998145,-7.4690027,1,0,Nominal
12.586978,-6.2702637,1,0,Nominal
13.615633,-6.6191654,1,0,Nominal
0.8552915,-5.1069145,1,0,Nominal
16.492285,-8.504939,1,0,Nominal
3.3380864,-9.883222,1,0,Nominal
13.428602,-8.767848,1,0,Nominal
-2.593204,-12.049319,0,0,Nominal
-0.47567886,-15.231805,0,0,Nominal
1.8010213,-4.855853,1,0,Nominal
11.844838,-9.366959,1,0,Nominal
-0.1804778,-6.210598,0,0,Nominal
-3.8710449,6.537695,0,1,AttackFlag
16.657007,-6.9715242,1,0,Nominal
15.2089815,-5.945573,1,0,Nominal
7.006549,-8.541909,1,0,Nominal
12.869108,-8.124452,1,0,Nominal
13.07589,-6.8582325,1,0,Nominal
19.637321,-7.779727,1,0,Nominal
14.588389,-5.881508,1,0,Nominal
3.7283719,-9.013773,1,0,Nominal
17.012945,-10.566283,1,0,Nominal
13.152442,-6.87053,1,0,Nominal
4.1672087,-6.2457533,1,0,Nominal
9.71807,-9.616484,1,0,Nominal
4.3933315,-7.096325,1,0,Nominal
7.410063,-9.886399,1,0,Nominal
1.2220787,-6.1393356,1,0,Nominal
12.657065,-4.9344826,1,0,Nominal
13.051803,-6.347602,1,0,Nominal
6.6622114,-14.448191,1,0,Nominal
13.533149,-6.6986203,1,0,Nominal
-5.8624973,11.923442,0,1,AttackFlag
4.2262173,9.806429,1,1,Anomaly
13.762892,-5.78442,1,0,Nominal
14.059382,-6.6339846,1,0,Nominal
13.328965,-6.94701,1,0,Nominal
95.34487,-45.5207,1,0,Nominal
14.19952,-6.940439,1,0,Nominal
4.272764,-7.250908,1,0,Nominal
11.798064,-4.1426706,1,0,Nominal
4.8622627,-5.633048,1,0,Nominal
11.836017,-7.4499483,1,0,Nominal
13.66923,-6.506055,1,0,Nominal
13.328092,-7.0343094,1,0,Nominal
-1.4326632,-9.519371,0,0,Nominal
18.393736,-9.279772,1,0,Nominal
1.3882353,-4.86644,1,0,Nominal
2.3417468,-7.243906,1,0,Nominal
-3.7864375,5.4352455,0,1,AttackFlag
4.4662094,-1.9573325,1,0,Nominal
4.057785,-6.0470896,1,0,Nominal
12.868349,-6.6853647,1,0,Nominal
5.282011,-7.12945,1,0,Nominal
7.070017,-7.6613483,1,0,Nominal
7.3454,-5.0459013,1,0,Nominal
8.654417,14.336762,1,1,Anomaly
3.5906322,-3.6329002,1,0,Nominal
11.599022,-5.281329,1,0,Nominal
-1.6604089,4.9697227,0,1,AttackFlag
8.944953,-9.308536,1,0,Nominal
17.426691,-7.437353,1,0,Nominal
12.282525,-8.9281,1,0,Nominal
11.361978,-2.1797252,1,0,Nominal
13.943586,-5.3391356,1,0,Nominal
14.551028,-6.1058273,1,0,Nominal
-7.286928,-17.107487,0,0,Nominal
-3.268309,-0.36077106,0,0,Nominal
12.347623,-7.3484325,1,0,Nominal
3.629195,-6.6885424,1,0,Nominal
-6.048518,6.6937947,0,1,AttackFlag
10.046906,-11.146119,1,0,Nominal
8.205977,-5.129816,1,0,Nominal
4.529113,-5.310842,1,0,Nominal
-1.6444198,-9.283086,0,0,Nominal
3.457548,-8.210252,1,0,Nominal
14.529006,-5.985237,1,0,Nominal
12.424538,-7.428301,1,0,Nominal
9.985631,-10.210405,1,0,Nominal
12.414701,-7.296315,1,0,Nominal
15.559826,-6.425742,1,0,Nominal
7.187745,-9.264477,1,0,Nominal
-1.3384223,7.998661,0,1,AttackFlag
-5.288718,3.7008748,0,1,AttackFlag
0.6148476,-8.923764,1,0,Nominal
-3.5821211,8.927785,0,1,AttackFlag
-0.4486375,10.741007,0,1,AttackFlag
5.4658318,-13.032154,1,0,Nominal
14.527436,-7.7360954,1,0,Nominal
12.494982,-7.57978,1,0,Nominal
-8.45684,4.810777,0,1,AttackFlag
12.249678,-7.412179,1,0,Nominal
12.553105,-7.17714,1,0,Nominal
3.6473563,-12.917417,1,0,Nominal
16.736437,-5.501152,1,0,Nominal
0.50806904,-5.7429876,1,0,Nominal
2.8794622,-6.3043003,1,0,Nominal
1.2165786,-3.5244684,1,0,Nominal
4.315357,-7.5253253,1,0,Nominal
13.984496,-6.6021013,1,0,Nominal
12.320582,-6.0359554,1,0,Nominal
12.530535,-2.9671369,1,0,Nominal
-2.5410233,-11.409686,0,0,Nominal
14.146909,-8.90636,1,0,Nominal
12.47606,-7.0381193,1,0,Nominal
12.138997,-7.5549765,1,0,Nominal
7.069131,-4.441742,1,0,Nominal
13.02457,-7.3815804,1,0,Nominal
13.096098,-7.0006685,1,0,Nominal
4.47758,-5.9277906,1,0,Nominal
1.4616855,-8.651255,1,0,Nominal
11.2176485,-7.075755,1,0,Nominal
1.1410632,-14.219344,1,0,Nominal
14.826636,-6.116544,1,0,Nominal
6.6552944,-8.826479,1,0,Nominal
5.1596403,-10.608855,1,0,Nominal
-3.2647762,-3.824747,0,0,Nominal
10.788241,-4.012887,1,0,Nominal
12.947029,-9.004656,1,0,Nominal
2.1131947,-6.5597553,1,0,Nominal
12.223149,-7.503614,1,0,Nominal
9.913557,-8.785689,1,0,Nominal
13.360957,-6.8825245,1,0,Nominal
13.384054,-6.350934,1,0,Nominal
4.6833134,-5.4533257,1,0,Nominal
11.701628,-6.813492,1,0,Nominal
-8.748868,3.520277,0,1,AttackFlag
-10.22387,3.637031,0,1,AttackFlag
-4.286744,5.264142,0,1,AttackFlag
7.556698,-5.0202193,1,0,Nominal
-9.634725,3.638341,0,1,AttackFlag
7.1899166,-10.05172,1,0,Nominal
2.3618453,-17.211449,1,0,Nominal
4.76453,-5.7606936,1,0,Nominal
12.715886,-1.1348246,1,0,Nominal
12.49406,-6.66518,1,0,Nominal
-7.2637835,3.7012486,0,1,AttackFlag
8.808352,-5.236845,1,0,Nominal
0.55950403,-8.175664,1,0,Nominal
12.815056,-2.3342733,1,0,Nominal
11.178979,-6.155547,1,0,Nominal
3.8231227,-6.3035736,1,0,Nominal
0.33130115,-12.383576,0,0,Nominal
11.691124,-7.1943526,1,0,Nominal
13.325441,-6.708487,1,0,Nominal
11.964326,-6.8121347,1,0,Nominal
8.247711,-5.184987,1,0,Nominal
15.675036,-4.902522,1,0,Nominal
13.738683,-6.619749,1,0,Nominal
-5.665571,12.55675,0,1,AttackFlag
-4.443982,8.340373,0,1,AttackFlag
14.54703,-6.7589664,1,0,Nominal
-4.825385,1.4475297,0,1,AttackFlag
9.54451,-5.895858,1,0,Nominal
8.503606,-4.3258905,1,0,Nominal
6.190956,-15.788936,1,0,Nominal
-7.3689165,2.229342,0,1,AttackFlag
-6.1990366,-2.4508076,0,0,Nominal
-9.660893,3.9758844,0,1,AttackFlag
13.380519,-6.944021,1,0,Nominal
6.396861,-7.8968306,1,0,Nominal
16.785166,-9.333415,1,0,Nominal
15.667941,-5.9152265,1,0,Nominal
0.71665776,-5.1458626,1,0,Nominal
-1.0476158,-10.691825,0,0,Nominal
-6.7531834,-2.7841616,0,0,Nominal
3.436749,5.7813187,1,1,Anomaly
-0.26109964,-14.34682,0,0,Nominal
3.4018059,-12.97972,1,0,Nominal
9.702144,-6.0953875,1,0,Nominal
16.634844,-6.7199655,1,0,Nominal
13.425717,-7.0751543,1,0,Nominal
-15.898736,-3.5710068,0,0,Nominal
5.5078087,-14.362929,1,0,Nominal
1.527661,-3.9241257,1,0,Nominal
3.5055325,-7.342335,1,0,Nominal
-10.213101,4.6607122,0,1,AttackFlag
-6.701332,5.9098625,0,1,AttackFlag
18.764725,-3.5861397,1,0,Nominal
1.0086141,8.248526,1,1,Anomaly
5.8445225,-6.446501,1,0,Nominal
-2.5115628,2.448783,0,1,AttackFlag
-0.053606898,-6.6851444,0,0,Nominal
14.829552,-5.8312387,1,0,Nominal
-4.6562033,12.366448,0,1,AttackFlag
-6.753419,-5.3948083,0,0,Nominal
4.4654217,9.712348,1,1,Anomaly
15.013001,-5.9624305,1,0,Nominal
-7.163368,5.784237,0,1,AttackFlag
