model,phase,attack_type,attack,round,clean_test_acc,clean_acc_evalsubset,adv_acc_evalsubset,acc_drop_evalsubset,attack_success_rate,train_poison_rate,train_adv_augmented,eval_attack_samples,poison_meta
LogReg,baseline,evasion,HSJ,0,0.9317647058823529,0.93,0.07,0.8600000000000001,1.0,0.0,0,200,
LogReg,baseline,evasion,Boundary,0,0.9317647058823529,0.93,0.38,0.55,0.6505376344086021,0.0,0,200,
LogReg,baseline,evasion,ZOO,0,0.9317647058823529,0.93,0.315,0.615,0.6612903225806451,0.0,0,200,
LogReg,poisoned,poison+evasion,LabelFlip(0.05) + HSJ,0,0.9129411764705883,0.88,0.12,0.76,1.0,0.05,0,200,"{""flip_rate"": 0.05, ""num_flipped"": 85}"
LogReg,poisoned,poison+evasion,LabelFlip(0.05) + Boundary,0,0.9129411764705883,0.88,0.13,0.75,0.9886363636363636,0.05,0,200,"{""flip_rate"": 0.05, ""num_flipped"": 85}"
LogReg,poisoned,poison+evasion,LabelFlip(0.05) + ZOO,0,0.9129411764705883,0.88,0.305,0.575,0.6534090909090909,0.05,0,200,"{""flip_rate"": 0.05, ""num_flipped"": 85}"
LogReg,poisoned,poison+evasion,LabelFlip(0.1) + HSJ,0,0.9058823529411765,0.885,0.115,0.77,1.0,0.1,0,200,"{""flip_rate"": 0.1, ""num_flipped"": 170}"
LogReg,poisoned,poison+evasion,LabelFlip(0.1) + Boundary,0,0.9058823529411765,0.885,0.32,0.565,0.751412429378531,0.1,0,200,"{""flip_rate"": 0.1, ""num_flipped"": 170}"
LogReg,poisoned,poison+evasion,LabelFlip(0.1) + ZOO,0,0.9058823529411765,0.885,0.25,0.635,0.7175141242937854,0.1,0,200,"{""flip_rate"": 0.1, ""num_flipped"": 170}"
LogReg,poisoned,poison+evasion,LabelFlip(0.2) + HSJ,0,0.8941176470588236,0.88,0.12,0.76,1.0,0.2,0,200,"{""flip_rate"": 0.2, ""num_flipped"": 340}"
LogReg,poisoned,poison+evasion,LabelFlip(0.2) + Boundary,0,0.8941176470588236,0.88,0.25,0.63,0.8465909090909091,0.2,0,200,"{""flip_rate"": 0.2, ""num_flipped"": 340}"
LogReg,poisoned,poison+evasion,LabelFlip(0.2) + ZOO,0,0.8941176470588236,0.88,0.285,0.595,0.6761363636363636,0.2,0,200,"{""flip_rate"": 0.2, ""num_flipped"": 340}"
LogReg,advtrain,evasion,HSJ,0,0.9317647058823529,0.915,0.085,0.8300000000000001,1.0,0.0,0,200,
LogReg,advtrain,evasion,Boundary,0,0.9317647058823529,0.915,0.37,0.545,0.6612021857923497,0.0,0,200,
LogReg,advtrain,evasion,ZOO,0,0.9317647058823529,0.915,0.295,0.6200000000000001,0.6775956284153005,0.0,0,200,
LogReg,advtrain,evasion,HSJ,1,0.9341176470588235,0.95,0.05,0.8999999999999999,1.0,0.0,500,200,
LogReg,advtrain,evasion,Boundary,1,0.9341176470588235,0.95,0.05,0.8999999999999999,1.0,0.0,500,200,
LogReg,advtrain,evasion,ZOO,1,0.9341176470588235,0.95,0.33,0.6199999999999999,0.6526315789473685,0.0,500,200,
LogReg,advtrain,evasion,HSJ,2,0.9364705882352942,0.925,0.1,0.8250000000000001,0.9675675675675676,0.0,1000,200,
LogReg,advtrain,evasion,Boundary,2,0.9364705882352942,0.925,0.185,0.74,0.8432432432432433,0.0,1000,200,
LogReg,advtrain,evasion,ZOO,2,0.9364705882352942,0.925,0.27,0.655,0.7081081081081081,0.0,1000,200,
NeuralNet,baseline,evasion,HSJ,0,0.9576470588235294,0.96,0.04,0.9199999999999999,1.0,0.0,0,200,
NeuralNet,baseline,evasion,Boundary,0,0.9576470588235294,,,,,0.0,0,200,
NeuralNet,baseline,evasion,ZOO,0,0.9576470588235294,0.96,0.365,0.595,0.6197916666666666,0.0,0,200,
NeuralNet,poisoned,poison+evasion,LabelFlip(0.05) + HSJ,0,0.9529411764705882,0.925,0.665,0.26,0.32432432432432434,0.05,0,200,"{""flip_rate"": 0.05, ""num_flipped"": 85}"
NeuralNet,poisoned,poison+evasion,LabelFlip(0.05) + Boundary,0,0.9529411764705882,,,,,0.05,0,200,"{""flip_rate"": 0.05, ""num_flipped"": 85}"
NeuralNet,poisoned,poison+evasion,LabelFlip(0.05) + ZOO,0,0.9529411764705882,0.925,0.46,0.465,0.5027027027027027,0.05,0,200,"{""flip_rate"": 0.05, ""num_flipped"": 85}"
NeuralNet,poisoned,poison+evasion,LabelFlip(0.1) + HSJ,0,0.9482352941176471,0.945,0.1,0.845,0.9523809523809523,0.1,0,200,"{""flip_rate"": 0.1, ""num_flipped"": 170}"
NeuralNet,poisoned,poison+evasion,LabelFlip(0.1) + Boundary,0,0.9482352941176471,,,,,0.1,0,200,"{""flip_rate"": 0.1, ""num_flipped"": 170}"
NeuralNet,poisoned,poison+evasion,LabelFlip(0.1) + ZOO,0,0.9482352941176471,0.945,0.37,0.575,0.6084656084656085,0.1,0,200,"{""flip_rate"": 0.1, ""num_flipped"": 170}"
NeuralNet,poisoned,poison+evasion,LabelFlip(0.2) + HSJ,0,0.9411764705882353,0.94,0.06,0.8799999999999999,1.0,0.2,0,200,"{""flip_rate"": 0.2, ""num_flipped"": 340}"
NeuralNet,poisoned,poison+evasion,LabelFlip(0.2) + Boundary,0,0.9411764705882353,,,,,0.2,0,200,"{""flip_rate"": 0.2, ""num_flipped"": 340}"
NeuralNet,poisoned,poison+evasion,LabelFlip(0.2) + ZOO,0,0.9411764705882353,0.94,0.485,0.45499999999999996,0.48404255319148937,0.2,0,200,"{""flip_rate"": 0.2, ""num_flipped"": 340}"
NeuralNet,advtrain,evasion,HSJ,0,0.9576470588235294,0.96,0.04,0.9199999999999999,1.0,0.0,0,200,
NeuralNet,advtrain,evasion,Boundary,0,0.9576470588235294,,,,,0.0,0,200,
NeuralNet,advtrain,evasion,ZOO,0,0.9576470588235294,0.96,0.37,0.59,0.6145833333333334,0.0,0,200,
NeuralNet,advtrain,evasion,HSJ,1,0.9552941176470588,0.955,0.045,0.9099999999999999,1.0,0.0,500,200,
NeuralNet,advtrain,evasion,Boundary,1,0.9552941176470588,,,,,0.0,500,200,
NeuralNet,advtrain,evasion,ZOO,1,0.9552941176470588,0.955,0.45,0.5049999999999999,0.5287958115183246,0.0,500,200,
NeuralNet,advtrain,evasion,HSJ,2,0.96,0.955,0.195,0.76,0.8429319371727748,0.0,1000,200,
NeuralNet,advtrain,evasion,Boundary,2,0.96,,,,,0.0,1000,200,
NeuralNet,advtrain,evasion,ZOO,2,0.96,0.955,0.49,0.46499999999999997,0.4869109947643979,0.0,1000,200,
RandomForest,baseline,evasion,HSJ,0,0.9505882352941176,0.945,0.71,0.235,0.25396825396825395,0.0,0,200,
RandomForest,baseline,evasion,Boundary,0,0.9505882352941176,0.945,0.785,0.15999999999999992,0.1746031746031746,0.0,0,200,
RandomForest,baseline,evasion,ZOO,0,0.9505882352941176,0.945,0.92,0.02499999999999991,0.026455026455026454,0.0,0,200,
RandomForest,poisoned,poison+evasion,LabelFlip(0.05) + HSJ,0,0.9388235294117647,0.955,0.28,0.6749999999999999,0.7486910994764397,0.05,0,200,"{""flip_rate"": 0.05, ""num_flipped"": 85}"
RandomForest,poisoned,poison+evasion,LabelFlip(0.05) + Boundary,0,0.9388235294117647,0.955,0.725,0.22999999999999998,0.2617801047120419,0.05,0,200,"{""flip_rate"": 0.05, ""num_flipped"": 85}"
RandomForest,poisoned,poison+evasion,LabelFlip(0.05) + ZOO,0,0.9388235294117647,0.955,0.935,0.019999999999999907,0.020942408376963352,0.05,0,200,"{""flip_rate"": 0.05, ""num_flipped"": 85}"
RandomForest,poisoned,poison+evasion,LabelFlip(0.1) + HSJ,0,0.9364705882352942,0.93,0.1,0.8300000000000001,0.956989247311828,0.1,0,200,"{""flip_rate"": 0.1, ""num_flipped"": 170}"
RandomForest,poisoned,poison+evasion,LabelFlip(0.1) + Boundary,0,0.9364705882352942,0.93,0.2,0.73,0.8387096774193549,0.1,0,200,"{""flip_rate"": 0.1, ""num_flipped"": 170}"
RandomForest,poisoned,poison+evasion,LabelFlip(0.1) + ZOO,0,0.9364705882352942,0.93,0.905,0.025000000000000022,0.026881720430107527,0.1,0,200,"{""flip_rate"": 0.1, ""num_flipped"": 170}"
RandomForest,poisoned,poison+evasion,LabelFlip(0.2) + HSJ,0,0.9129411764705883,0.905,0.78,0.125,0.19337016574585636,0.2,0,200,"{""flip_rate"": 0.2, ""num_flipped"": 340}"
RandomForest,poisoned,poison+evasion,LabelFlip(0.2) + Boundary,0,0.9129411764705883,0.905,0.78,0.125,0.19337016574585636,0.2,0,200,"{""flip_rate"": 0.2, ""num_flipped"": 340}"
RandomForest,poisoned,poison+evasion,LabelFlip(0.2) + ZOO,0,0.9129411764705883,0.905,0.88,0.025000000000000022,0.027624309392265192,0.2,0,200,"{""flip_rate"": 0.2, ""num_flipped"": 340}"
RandomForest,advtrain,evasion,HSJ,0,0.9505882352941176,0.945,0.72,0.22499999999999998,0.25925925925925924,0.0,0,200,
RandomForest,advtrain,evasion,Boundary,0,0.9505882352941176,0.945,0.785,0.15999999999999992,0.18518518518518517,0.0,0,200,
RandomForest,advtrain,evasion,ZOO,0,0.9505882352941176,0.945,0.935,0.009999999999999898,0.010582010582010581,0.0,0,200,
RandomForest,advtrain,evasion,HSJ,1,0.9458823529411765,0.935,0.805,0.13,0.1497326203208556,0.0,500,200,
RandomForest,advtrain,evasion,Boundary,1,0.9458823529411765,0.935,0.805,0.13,0.1497326203208556,0.0,500,200,
RandomForest,advtrain,evasion,ZOO,1,0.9458823529411765,0.935,0.86,0.07500000000000007,0.08021390374331551,0.0,500,200,
RandomForest,advtrain,evasion,HSJ,2,0.8164705882352942,0.815,0.79,0.02499999999999991,0.2147239263803681,0.0,1000,200,
RandomForest,advtrain,evasion,Boundary,2,0.8164705882352942,0.815,0.79,0.02499999999999991,0.2147239263803681,0.0,1000,200,
RandomForest,advtrain,evasion,ZOO,2,0.8164705882352942,0.815,0.65,0.16499999999999992,0.20245398773006135,0.0,1000,200,
SVM,baseline,evasion,HSJ,0,0.9247058823529412,0.905,0.095,0.81,1.0,0.0,0,200,
SVM,baseline,evasion,Boundary,0,0.9247058823529412,0.905,0.495,0.41000000000000003,0.4972375690607735,0.0,0,200,
SVM,baseline,evasion,ZOO,0,0.9247058823529412,0.905,0.365,0.54,0.5966850828729282,0.0,0,200,
SVM,poisoned,poison+evasion,LabelFlip(0.05) + HSJ,0,0.9152941176470588,0.91,0.185,0.7250000000000001,0.8901098901098901,0.05,0,200,"{""flip_rate"": 0.05, ""num_flipped"": 85}"
SVM,poisoned,poison+evasion,LabelFlip(0.05) + Boundary,0,0.9152941176470588,0.91,0.185,0.7250000000000001,0.8901098901098901,0.05,0,200,"{""flip_rate"": 0.05, ""num_flipped"": 85}"
SVM,poisoned,poison+evasion,LabelFlip(0.05) + ZOO,0,0.9152941176470588,0.91,0.3,0.6100000000000001,0.6703296703296703,0.05,0,200,"{""flip_rate"": 0.05, ""num_flipped"": 85}"
SVM,poisoned,poison+evasion,LabelFlip(0.1) + HSJ,0,0.9129411764705883,0.885,0.115,0.77,1.0,0.1,0,200,"{""flip_rate"": 0.1, ""num_flipped"": 170}"
SVM,poisoned,poison+evasion,LabelFlip(0.1) + Boundary,0,0.9129411764705883,0.885,0.565,0.32000000000000006,0.4463276836158192,0.1,0,200,"{""flip_rate"": 0.1, ""num_flipped"": 170}"
SVM,poisoned,poison+evasion,LabelFlip(0.1) + ZOO,0,0.9129411764705883,0.885,0.3,0.585,0.6610169491525424,0.1,0,200,"{""flip_rate"": 0.1, ""num_flipped"": 170}"
SVM,poisoned,poison+evasion,LabelFlip(0.2) + HSJ,0,0.8917647058823529,0.825,0.175,0.6499999999999999,1.0,0.2,0,200,"{""flip_rate"": 0.2, ""num_flipped"": 340}"
SVM,poisoned,poison+evasion,LabelFlip(0.2) + Boundary,0,0.8917647058823529,0.825,0.19,0.635,0.9818181818181818,0.2,0,200,"{""flip_rate"": 0.2, ""num_flipped"": 340}"
SVM,poisoned,poison+evasion,LabelFlip(0.2) + ZOO,0,0.8917647058823529,0.825,0.435,0.38999999999999996,0.4727272727272727,0.2,0,200,"{""flip_rate"": 0.2, ""num_flipped"": 340}"
SVM,advtrain,evasion,HSJ,0,0.9247058823529412,0.9,0.1,0.8,1.0,0.0,0,200,
SVM,advtrain,evasion,Boundary,0,0.9247058823529412,0.9,0.475,0.42500000000000004,0.5333333333333333,0.0,0,200,
SVM,advtrain,evasion,ZOO,0,0.9247058823529412,0.9,0.36,0.54,0.6,0.0,0,200,
SVM,advtrain,evasion,HSJ,1,0.92,0.93,0.07,0.8600000000000001,1.0,0.0,500,200,
SVM,advtrain,evasion,Boundary,1,0.92,0.93,0.075,0.8550000000000001,0.9946236559139785,0.0,500,200,
SVM,advtrain,evasion,ZOO,1,0.92,0.93,0.33,0.6000000000000001,0.6451612903225806,0.0,500,200,
SVM,advtrain,evasion,HSJ,2,0.9129411764705883,0.895,0.195,0.7,0.888268156424581,0.0,1000,200,
SVM,advtrain,evasion,Boundary,2,0.9129411764705883,0.895,0.195,0.7,0.888268156424581,0.0,1000,200,
SVM,advtrain,evasion,ZOO,2,0.9129411764705883,0.895,0.325,0.5700000000000001,0.6368715083798883,0.0,1000,200,
