f0,f1,f2,f3,f4,f5,f6,f7,f8,f9,f10,f11,f12,f13,f14,f15,f16,f17,f18,f19,label_true,pred_clean,pred_adv
0.46297164618847264,-0.9351687133147304,3.42282363569722,1.3479088369347443,-0.3119798570223243,-0.7539666190923651,-1.7547143750638978,-0.7706737316056546,-2.426064544120595,1.7088554099239643,-0.7251603076825858,0.6252261359546433,1.7247107320556416,-1.9342211161761778,0.4787747590748585,-0.47116199036953255,0.275689997678642,0.9510446495478097,-2.908917758904598,0.4457554734842188,0,0,0
2.7557114654634622,-1.313506375969805,0.11278260649882624,-0.47945285785902664,-0.27241378922731707,2.1046423625456474,2.645407923828186,0.748742780869682,-2.741927426724515,2.534246795213438,0.12330004273988195,-1.1298549637481532,0.33545027349766654,1.219698834135023,0.4532683026229926,2.082421516205536,-1.113056295762552,2.5228860269900717,-3.022830656416493,0.9891909483943392,1,1,1
-1.7422994976827075,4.7640569364352325,-2.420315421303642,-2.6690435612897856,1.6978673830401216,-1.7551626160720217,-1.3714391919005444,-0.6183309847215653,1.955919743234411,0.4135334129652426,4.0367407933219495,-1.5630466959142715,0.17040045805185822,2.7495643973715787,0.756406422222863,-1.4175485996047543,3.089577393903447,-1.6908541892311653,-0.6039505112456809,0.7158538202434236,1,1,1
4.679925040575613,-3.576768064160441,2.035641349498743,-0.24397235244390295,-0.10496451854737461,-2.673940162045148,-2.5759991984820183,0.5456224112891285,-3.4381150961401343,2.4097709690296565,1.4950975090229315,-0.890722953251411,0.5850107974456562,-3.584849041758579,4.441520206339367,-1.735032110738518,-1.992690667378899,-4.489919059251261,-2.4996039686757494,0.7893527618519588,0,0,0
-4.889073332800693,-0.615792418704667,2.1294993908052477,0.015273074447413758,2.3207917270157634,1.58986387197229,1.3322993376060344,0.2616949491501258,2.362650319563419,1.5654480208826669,-1.040312800633379,-0.9499042878037115,1.7304182899364495,2.169057382168916,-3.4919150331720443,-2.0048159032696375,2.5289729631897147,0.8414493328976665,-3.7602404491247747,-0.18474344940653833,0,0,0
-4.238605616289267,0.6268409580421501,-1.018397907607701,-0.13896738348763285,2.168008478280311,-2.3329091393586205,-0.7718523970666629,0.15321997267847726,0.8439202062862777,0.5598279225070008,0.4075758386809789,-0.2541651747540282,-0.47950008751899,-1.8763158623648941,1.3003759094541556,-2.3452051903561637,-0.06119270295739261,-4.077635135260923,-1.7630796037691852,-0.025214516598981895,0,0,0
-2.2537512262577346,-0.26193211506410313,-2.803384976449097,0.06692381704718421,2.2840607396511694,-0.8885263918020432,-1.5994416835204406,-0.45652344770671816,5.920238496386468,-0.8669463921033462,-0.0037439171171872168,-0.9509779813206357,-0.25879679555458296,-1.7114888602095988,-0.1722541011704286,-1.0982025549129693,2.912494858156743,-3.1928001890061934,0.1566502075006883,-1.3931993792617423,0,0,0
4.2054564225047,-0.9105300533629117,1.0616526125241992,-0.23517805746379802,3.3144088522078343,-1.45956300586526,-2.0668865745007063,1.3914162332603803,-1.034600964033774,1.9072886366909954,2.8198151214679426,0.2675720976795123,0.9002529147091383,-0.37354435481820353,3.2964801946135367,-2.5123386591108785,-2.9894554282576378,-6.499307497654275,2.4820722289389825,0.10393913918071238,0,0,0
5.229955225107524,-3.680605883543302,2.0388824866876494,-0.9783554825059829,-1.417591776774123,-1.3150487910969277,-4.017144167983866,-2.674505243143698,-0.7974518138913361,4.087419689996236,0.8001272738950865,1.2215096732973276,-0.6099373494758039,-3.104785586823084,-0.35013087209342114,-2.110891234329997,1.634677242480079,-2.124109880911484,0.48715885679388904,-0.6764280782108788,0,0,0
1.029000841867194,1.7077108156123655,-1.45870380522467,0.6295535461583959,1.4496531556074224,3.4463371898272275,1.847617172707253,2.0809726630230134,7.199889287042027,1.4611661061315695,2.0001435059590067,0.619134280432416,-0.007339988344515575,-1.2050991763183572,5.2359692512757325,-2.637287023314772,3.5551064164279973,-1.3414489817569442,-0.764231619731006,-0.1599626166181747,0,0,0
4.119928373607401,-1.6767103142312483,-1.2321900417281797,-0.9874000873077632,-1.6754548814581633,-5.4511089208471315,0.3683732759183717,-0.2910086144920824,-5.423597182715051,4.526115526066908,3.531135204288128,0.5735293659589339,3.6874293212544362,-1.5371808438723513,3.274996831928895,0.9039688589580253,-0.7247916090595853,-7.973826978117302,-3.2246588804567176,0.8062428768653088,0,0,0
-9.43956480715727,-2.5100353381066873,2.5647457480181313,-2.0684886528441524,4.920050473086761,-4.331891097501438,-2.012530002453849,-1.0432059337818984,-0.9206410672325687,-2.656420206878287,-2.493526954550235,-0.42820404353239416,1.4279660756437442,0.6738922902088096,-3.5073917733787376,-3.7150949483681677,-2.101729827501206,-5.132636763731434,-3.110876073317532,0.5320479920363368,0,0,0
-6.467560249438816,-3.3476243198707794,0.8461475326615324,1.078029405302924,2.307892361938275,-2.5332748235958915,-0.8461243903986527,-1.2488029661928184,4.7562981611696955,-5.549824081160777,-2.3986377359324496,-0.13545291625909758,0.7223940736949951,-4.579694203786773,0.21748943081383992,-2.695887848728759,-3.908031796648391,-8.371348114778952,2.200103653126499,0.9676510675001263,0,0,0
-2.4349477650511537,-3.5315099375189183,-3.597259649660175,-0.8905930994544085,2.5928321710382143,-3.0577199818361005,-0.2305731704180136,-0.2877148369916427,0.8220333310854449,-3.7021947831108646,-0.7363498857548995,-0.9284983636025627,-0.8921086602974744,0.593712945654583,-1.2366424557556683,0.6939847860361759,-2.467137820268232,-4.96224522338553,-0.46213287301406086,0.9534997537741389,0,0,0
0.23273945697251724,3.1019925485881434,-0.7935919048843341,-1.1879557819269497,-2.9905504564734233,-1.544408412121597,-0.8859444522310757,0.6973064790834427,-4.436578949973187,-1.1055569758316182,-0.8532689389654146,-1.1711818553683873,-1.5468824475859992,3.5397559943518426,-0.5883009076463824,0.5101461929833834,3.2434919665827495,6.03146570186336,0.36145312235626226,-1.3601109345740792,1,1,1
-10.672442977805945,0.77644830439904,0.4865344877576677,-1.5304530505665395,4.577036471278244,-1.9994500800362818,1.0351996379412838,-2.7516834603540286,-2.1474364129193693,-1.3248328058422076,-1.8765663769341012,0.3694634101727149,0.8844671837578298,3.684962810736921,-5.039983655771688,-0.5675475733003371,-1.3639637446733603,0.14483875905435295,-5.433157892067465,-0.5869385818963885,0,0,0
0.3742845772206175,1.0346617012107204,-1.0333562999362855,0.003014426284511612,0.02413455465697401,0.21348118661725826,2.7180921080138236,-1.3445780889045946,-2.626002353418332,-0.7336970524800195,-2.115664121772345,-0.6364440095513301,0.9022582246303281,-1.5165999954802325,3.2730914945865357,2.366811344534427,-2.955840900876858,0.12624538784358455,1.3952694185161638,0.40295389907166435,0,1,0
0.4270240927672698,-0.859663310469264,-4.448977415644973,-0.21270310282539617,-1.287354182215563,1.6608929051780268,5.330108414392783,0.5029970553857012,-0.03418641073836757,2.064422384643631,1.7366439489561867,0.47887579417529585,-2.4652450428670125,-0.6691307937484057,2.3753927404814226,1.7629206043053038,-2.2802624135398317,-1.6091912705438043,-2.5561945391553933,-0.10334142270109979,1,1,1
-3.4752077876672973,-1.1511240546282473,-1.4241579724652618,-1.8279668242216613,-0.32709946118348004,1.1814181102972452,2.4670379211903146,1.1898360231837128,5.302734711407661,1.0024704541689187,0.7769323000567719,-0.24530527744941896,-0.09862543996216352,0.17923495646209417,-1.7831988208411194,-1.712179814033377,2.9190074241354123,-2.3003924303875425,-2.2432600588759963,0.19285343736343563,0,0,0
2.286785488141744,0.8816279425970539,-1.9331122561140475,2.3991256745109135,2.8042986644109655,-0.46504562015817585,-1.112538139000661,0.9960594459512297,-0.9814840228457005,2.0533826907257735,1.7693595367050905,-0.10646995365397686,0.7082212870898381,-0.7605252844668577,1.7023902130856163,2.4796719481564504,-0.9287012336208156,-0.5233848403591482,-2.3802379630485446,1.4147436065714156,1,1,1
1.5663338424157196,-2.134164511317887,-3.100681605114135,-1.1661110769958414,-1.934494810830936,-3.5101184859675603,0.813985091785469,0.6238806915255607,-1.9822293486302602,-0.19793704128275683,1.5592260063523717,0.43357110968556023,-0.9556795818678347,0.2864831735178228,2.7292199212378767,-0.7652648319262813,0.27031238906841115,-4.39904027312307,-1.6135856780502662,1.9833674743734218,0,0,0
-8.983293653241757,2.398916937483253,-2.802588323644724,0.5656393043452823,4.921330952911332,-3.650304815589419,-0.7990048693242114,-0.7939949093306964,-3.1343778177293165,-2.337389243632985,-3.347058399172389,-0.07073589966786607,-1.1158294826411868,-3.0051522241696587,-0.564817904880191,2.188151350954388,-5.060983480534254,-1.5879089280347085,-1.186935816802839,-0.7009202426492565,0,0,0
-8.975166531350286,-1.5648495167146923,0.23547214141475076,0.6716001760198054,2.702461497858461,-1.7289921566472624,0.6002119729893627,-0.998878762939835,4.6622668797361655,-2.7027611205337396,-1.1552786449515275,0.35545296745178345,0.7055684445568348,-3.109023996178485,-2.1682366170111016,-2.343166034314431,-2.783935930679031,-7.272794551022558,-0.19851574453397028,-0.6879387410026301,0,0,0
-3.532714424485257,-0.08562901669201509,-1.799918540316042,-0.3604127952273681,1.8487983799031333,-0.1414544385075903,-2.109421109346521,0.4800690907948902,8.049096517530758,-1.9686626167096901,-0.8909908083527346,0.5859195497066879,-0.3124574985489341,-0.9275759742129591,-1.8866557396533954,-2.292321379705266,4.854268052740422,-1.871111213466672,1.3745557409676066,0.24838430321989527,0,0,0
-0.20653958002215253,-0.30823326372349924,1.1037035144756557,-1.0588009941610352,-0.8875929934922985,-3.892196466713536,0.12461335582774241,0.24404862101572505,-4.026471768275286,2.5389651381694645,0.11806494678542195,-0.3869600338556001,3.6344684659007513,-1.6845324548451002,2.017673853621115,-0.34063927775261643,0.4366524458860971,-4.0647514705777565,-2.6618289375213218,-0.08231496298227399,0,0,0
-6.15908399325838,2.6805969399821112,2.1780241221271104,-0.10971135791300426,2.3236845697344193,-2.106801675969164,-0.28411633336088854,0.8514028558564509,-4.808440407022529,-0.8127573586072561,-3.9544273995403043,0.25250168422057107,1.6687554870411505,-0.2621569750421934,0.836479760603809,-0.42573197853427713,-0.6336482849470912,2.5426218817426487,-2.6071859929033954,0.5831530978417149,0,0,0
1.0458759458362776,-2.174935250928353,-1.9851415183196977,-1.1180176365403922,1.340480321201067,-1.541029861522174,-1.75643239951844,-0.05576158784792715,2.0592290053519036,2.1874708994625602,1.5112558450565532,2.0013222593267694,-1.8427589052010513,-2.2592386333735206,2.1822225674096205,-2.7002586486060416,1.4610454147311052,-4.391900267334141,-1.6128047652847706,1.1014433339384295,0,0,0
-1.106811087242887,-0.9943197887390496,5.119119541268339,0.47493938196808066,-0.5386691235914038,-1.237383152787706,-2.2477473848011074,0.752503722887404,2.709303363357406,0.3781930585325183,1.7240735860649303,-0.4241953828342715,2.7816522479542356,-1.9718498816005292,0.5622664342194581,-4.866122941835766,1.0577390081965423,-5.0954934770313445,0.03551884480622531,0.7237506780811656,0,0,0
4.101548894062457,-2.603134087712399,4.132219451929691,1.185620193846108,-1.9845223949320532,2.687380994850699,0.6718726163502002,0.39449769874489893,4.073052290364672,1.3622264985204335,1.6411209299541656,-0.28994489024055176,3.111214547042496,-1.239371917123898,-0.3207691836334055,-1.4951945903454709,0.3537996388309722,-2.9408521558560143,2.2707368925517097,1.0748634979074163,0,0,0
-7.259153901267356,0.14710833238723836,-0.5247204075674095,1.2673341332799992,-2.3820942557132767,-0.9582806360904484,4.481799039279596,-0.4434902136635157,1.0427137882467188,-0.7813137226320062,0.3283658236390965,-1.5361715633305781,1.081201988040244,0.2925692625665829,-1.9204728177839596,-0.5328597298695746,-0.1539520898122023,-2.8914191485403262,-3.37786064455484,1.4131468161922986,0,0,0
4.739158481825475,-0.07863576146486474,2.174911403295937,0.8430163111133044,0.2776362920412888,-0.6319353183250516,-0.8197892257769305,-0.6809269222065899,-6.1340437453908105,2.478091440944782,-0.8347132411863684,-0.05591264300702514,1.9559520666297507,1.2760136420392532,2.4914168931292453,0.7330738788875658,0.2831777204730327,2.817007748958934,-1.57636151605451,0.823164233900866,0,0,0
-3.8793115865409096,-1.9312772144311214,3.124163389510039,-0.7276817424860279,0.17490430245053115,-1.766341908430803,-0.8684699373805006,0.3265396332488849,-0.69748053294871,1.6636014546712863,-0.5934190447880094,-0.3742985209876336,1.764380546216222,0.6537915417680433,-4.044042485476165,-2.5552350490766926,1.4659105030312733,-1.8837278097247243,-2.6219382123070005,2.0346858150945244,0,0,0
-6.8044598107169545,3.454695035018237,8.372938213433663,-0.8857036728195593,3.140517810662847,1.4913111568730806,-2.4688941195882372,0.412655053657014,0.9674550595702837,3.7904155576013783,-0.6032718880510339,1.6413239125055872,3.1612111937088727,-1.8300947619918928,-2.1918141980273207,-4.992315598324167,1.2110198288151783,1.13492105235727,-2.186812791661602,1.2631240732744304,0,0,0
3.7194812738256684,-2.7393352823567647,-1.412849103321381,-0.6856356211577493,0.20382573645771287,-1.325821577368655,-1.1026231957689279,-0.26066856584651316,-1.0483212446568586,2.389350874328357,1.4096672424457424,0.5054005101045604,0.37265823563091616,-1.2131510386047146,0.647189427778023,1.4134615336727188,0.20786647627594354,-1.9462920436948838,-2.8490100800283034,0.778577914192612,0,0,0
0.6067841546112239,-0.2972642692803728,-0.08116935928346673,1.3097945671140379,2.2839496484726576,1.5632758137081764,-0.9418041542078516,-1.4528966938315233,6.694009346448484,-2.030386361305901,1.426903927672132,-0.518114566037547,0.3551893264060017,-0.13745314389999244,2.03417270569065,-2.412408579237019,1.462963723298475,-2.6177896401801775,1.2832150657080652,0.5053270138893358,0,0,0
0.605733127633365,-3.047409790773094,6.279033357199009,0.9529998017530302,0.10912471818361846,0.19926323594032636,-0.5371548968350396,-0.24123807436677125,2.253718892424936,-0.6978271278408963,1.2278149909890457,0.9651279286766785,4.2054555745343,0.5544508120640386,-1.562200714599311,-3.703869906878597,-1.5558401852556507,-5.673541136807452,2.2962552057667582,0.9166397570770649,0,0,0
2.585238776227513,1.0345257359876259,5.610910444841413,-1.26853898938771,2.208143862799645,1.3345811412369721,-0.6023704960244954,-0.26113684861594877,-3.0516946228247996,1.9343464464573832,0.3550812765358344,-2.6852345423498263,3.375303694341583,2.7657442642785948,1.4590499523393163,-2.1978874704210583,-0.5638138610447554,1.2196784014553548,0.20353841589993082,-0.17326054664776627,0,1,0
0.405340215528309,1.9008892141328466,-3.3878472381673403,0.2851105978334615,-0.36928554909399164,0.2870242081115941,4.873967108479982,0.5854265068595175,-0.8672440200178316,-1.0278457463015536,2.886047719971596,-0.8517544811641354,-0.293784397385683,-0.508634684051569,5.21133241365129,1.9303864684564942,-5.36483970239258,-4.24589081201451,0.5003555639612458,0.5404163419010082,1,1,1
6.845844799410931,-5.199225255604071,-2.171239381107436,1.4683437633738772,0.875738880549974,1.8988056906227724,-2.0582106732968706,1.3438142525660282,5.747492795151374,1.136096196570696,2.0832060240829042,-0.47226414463948024,-1.7226415333529816,-0.7093733392228079,-3.219166564546578,0.6873652452455823,-0.20030581959239901,-3.815911996725524,4.503261584289653,1.3498098097549809,0,0,0
2.7575971975919416,-0.5458194853352454,-3.257976037761874,-1.0116013525221759,3.567292621207841,-2.23810955192948,0.8953960786895447,-0.038511503693314034,0.493236646904471,1.6203350664185,1.08557587159297,0.87238070928188,2.5702047959965535,2.8281065644810455,2.4857055029428565,-1.0518329016319554,1.8154795953313232,-6.218289548907314,1.4419818087409875,-0.5023470502546886,1,1,1
2.3719333233360875,-1.1882097855703733,-2.680386093912375,-0.4327361216025954,0.8831680363220212,-1.9842294054404908,0.05318713028876095,0.990715387030339,-2.9371765540725194,4.932949611031998,1.402560216941314,-1.3552765498539903,-0.8632903543459756,-1.1030256460378396,3.165636788117624,-0.45479322201465494,1.277525276779108,-2.2601339713546595,-4.419395368802272,-0.4425049893572171,0,0,0
-4.052287310951725,-1.7587617554616706,-4.477527762473976,-1.4482317649269727,-1.0193427963213415,2.6428233882520122,6.279153049387741,-0.9228403020354838,3.1448013008790348,-0.4471489426626916,-1.5318055226014264,0.8868361208699388,-2.42951470596572,-2.0548314782638273,0.05403172369363355,2.1960725290025525,-1.92415377109912,-0.6204768508645001,-2.2575213715600317,0.39007507312962997,1,1,1
-3.3202426724995906,-0.9092210823033313,1.349552931427803,-1.3420974331561926,0.4301817739545938,-0.38693256145093946,1.085203268079916,-0.12159061205973713,-2.1739277882937205,-0.12983732646810617,-3.0812142654241397,1.2670007480639596,1.7567177005384558,0.4981198430787644,-2.4988321137637817,1.1630361934810833,0.013558998293695383,1.9590976476482673,-2.406634324668386,-0.8487685934025999,0,0,0
4.567916612943002,-3.5719213244409627,2.7071828136337834,-0.6558213751581616,-0.24058769969605992,-4.068177558685857,-4.984386768828095,0.9447356720584793,-2.3008456172131164,2.611174158153947,-0.6629945531636716,-1.1814194874521946,0.9340455091623151,-2.949961729517094,0.1281588891729321,-3.615538578061638,0.4624824470868702,-6.058755391916501,4.749242293546618,-1.2047803911530535,0,0,0
-3.7720896531566925,-0.28583371934640306,1.8795261819510898,0.15137069747505777,5.408777506708207,-2.6176186194616906,-2.3615088867467713,2.265953367065655,-0.8797719423714737,-0.40379761543533205,-0.31059534203376193,-1.0302276934168122,0.654034063667324,-2.511333629118028,1.0854320817006302,-2.823767592313741,-5.193533883947542,-6.792626982837026,1.58870525280494,0.8932784042724521,0,0,0
-2.8478582375668267,1.5100341697307258,5.801492723089789,-1.51172081546364,-3.3023857265421457,3.0318729128694395,0.9172327207974917,1.1264425624543473,-1.9210739394699723,-1.8393230157035731,-1.2513174007697438,-0.13290095707183766,-2.691269770631501,1.5602999526991528,-0.4390484040853379,-3.964856773603468,-1.1215990401343068,5.9102234430633676,1.0898919258898985,0.21071571429147679,1,1,1
-8.647280350090652,0.39320289311494067,-0.20897593350126153,0.48966733157411174,1.043051266684901,-1.610949448823205,1.4121163045368001,-1.2220027235531508,1.794302274557554,-0.32910702884083387,0.6142601448071072,0.030979214936157653,0.1422009584389631,-1.8765330486508778,-2.7383246229683835,-1.0423538324083677,-2.2980856108830467,-4.661340403346987,-2.656290249231144,0.416104809495679,0,0,0
0.7151222368351284,-2.3361741771816575,-3.0573641740525215,-0.15940933843244046,1.409062228153095,-1.8637848516201747,-1.1123468863314485,0.7691823056209768,2.847305370016201,1.5044785210392924,0.09819690314965664,-0.7798909861542659,-0.00380524175491069,-0.18416457477436543,-1.2636881877016284,-0.9256978813303841,3.0933428981078555,-4.190519381402491,0.5028359630894778,0.004147399164168004,0,0,0
3.310509848397773,-1.254299489645905,4.695938394689657,-0.12100321989088711,4.815374435428765,1.1350565070634462,-1.8415131842663062,0.7009331954021996,-1.20183670056476,4.3917404463693845,-0.16869563402153917,0.832894917207575,3.3847034958570372,0.2835749788242249,0.9512575772861666,-2.5170490295318717,-0.49855347864042227,-1.8327742835270755,0.20999853389089482,0.22387399308942918,1,1,1
6.042452648405846,-1.2096115122468065,-1.9880409132668602,0.5173712309960686,0.14549910705290103,-2.3168010719961356,-1.789496107559975,-0.6150513295981124,-2.524646441217066,0.6748535158886728,1.21342795665325,1.1467807975757596,1.8657073538004774,2.1425330716579665,1.175280941616839,2.3940794682124946,2.1811666293104137,-0.051440684877643805,-1.3357849788233387,-1.0523615886705293,1,1,1
-0.13888254395686883,-1.6354987862059813,-3.352825696846435,0.8839526614563452,3.0447131810390045,-0.5060999203462558,-1.1991878092457915,0.5666335516645319,2.8806950417481243,1.7680077727961714,0.6473131985535721,-2.4002426420335388,-3.0578813201368433,-1.2544582882505488,2.507607722374901,-2.708626595291041,2.0828163623112856,-2.544344483919485,-2.4769092482637673,0.12491545518560188,0,0,0
1.4591483463821808,1.9378156264699267,5.149483521965919,0.7364801986910617,4.618491831707749,1.5115476170023223,-2.915610531021401,-0.5958757586641111,-2.969215999939513,3.490104329126794,-0.3692993505071947,-0.67151794270385,1.9938757106468885,2.283228047722374,0.200140535885506,-2.2495540166963486,0.7166745542418222,3.611331216873004,-1.0182659359191055,-0.40324894419655216,0,1,0
-14.209711567082387,-1.850415283848996,-1.4254660997746236,-0.46369044128747944,4.771527151064764,-5.375583523145541,0.5721389686076429,0.09574815360924022,-3.0665348803809795,-3.469964334677103,-5.490414031268432,0.5441161621963655,0.26587369354144036,0.9596888751651934,-5.2902908856257325,-0.3632311038781065,-1.9118945215948184,-2.3394861031705068,-6.005107220257193,-1.06351659860539,0,0,0
-2.9797306915946007,3.787660221550831,-2.3220751187627804,-1.9326636493314975,2.234563956588086,1.0629526063075176,0.8074330282848075,0.5529798625957038,0.5849346043128189,2.9254664540554782,-0.0152149026504643,0.366758747285536,-1.15185477984854,0.8896209790921241,2.1099762625413585,-0.686412285302436,4.387013713718589,4.0673412198411985,-5.10575017861124,-0.03150399557091404,0,0,0
-3.8175035888522704,-2.5672271551610963,-2.2562325948553434,-0.887194136291224,2.5776558232087075,0.9016609427365813,2.6572016801539373,-1.2552244605501148,0.5651921986553616,0.5946686453419769,-2.769259643056002,0.001096371188285815,-2.1869447959134742,-0.05765869887332902,-1.1180793522479866,-0.5274473873624521,-1.1340326635825713,-0.653974821171583,-1.8319526425677433,-0.6486185269325118,1,1,1
-4.968103010742087,1.2366747127528634,5.446162302719031,-0.13257899584655028,1.2028671953795569,2.5520832861756655,-1.2556085656148661,-0.8876742446561056,6.482288701503246,-4.0871290815901276,-1.1036662471883776,2.2476393458571735,3.0689453576262227,-1.6683909794612022,-0.8817301167212239,-1.999828440692748,0.6466873666418493,1.1337092395710453,-0.18086813496233264,1.7225818228334835,0,0,0
-1.2174492604562275,0.6541218080818384,1.8133950068644185,0.5666606245773119,-0.75588543699186,-2.6026372063813716,-0.02456403947866639,0.03700736542299733,-1.2845277360930194,-1.8250646405250988,1.598463121174602,1.4844534134182479,1.1272155637970611,-3.206581647823738,3.1683557073293276,-1.643240460345829,-5.355590528992489,-7.014996378331042,3.1981745894508773,-0.3208597477429702,0,0,0
7.414986195192251,1.1340565607803885,0.7830134170840299,1.4987166959690204,1.1082833387257496,0.1647022084406143,-4.2465424061603905,0.1930238565401349,-2.1827638204219344,1.491022282615058,0.26821820207152225,-0.7960494665567253,2.497230140497157,1.342153408398462,-0.1506891895348564,3.6010876930964755,2.726426075533525,5.076359609854693,0.34199465078021546,2.436147571241444,1,1,1
9.376427241019783,-3.217352612343565,3.8921092725366817,0.07678293290351962,-0.09698410778925265,-2.0788832209480144,-4.492384345105201,-0.6445013606081308,-10.689824708147416,5.41021482799142,-0.786842113734573,2.26554385855553,-0.20439329916271182,-0.6960908181128445,2.3377146954519814,-0.1354197058158612,-1.4958837044339421,2.6215457556982162,-1.1532895497308362,1.4093751335488967,0,0,0
-3.570662272752038,-2.22495831892321,0.16924236468447224,2.301705890775423,0.9232879459116509,-1.7334051199014582,0.36542328089597775,1.455913204348616,-0.19105485382941864,-0.8476392715615295,-0.9736027482599422,0.5633964118343511,1.00156504135536,0.20474128246392048,-3.1298432769432503,0.060001580352707765,-1.3196904950893529,-2.856801525272191,-1.209409929672089,0.3952719538732996,0,0,0
-3.2620003377086837,-1.5791221047341444,0.715752505143392,-0.09311566186512445,3.52944570587382,-3.957326443859407,-2.5398110001174152,1.0577972164892513,-1.7117179628287953,0.04915293174566368,-0.6974217092255818,0.5902620996848191,0.8851942600600562,-1.703804517428931,-0.8746453738751386,-1.723309810630042,-2.700376169573775,-5.89509770917411,-0.015090449206267216,0.2329822581466047,0,0,0
-7.472911241052182,2.5741928392582216,-1.3152524918435258,0.9660739433470106,2.781655410524246,-2.993102629146873,0.9372200237279257,-1.205398402352043,2.4657955367725983,-1.4213591440129791,0.19696712356966373,1.7506390508976744,3.387211723152762,-0.6356658464620307,2.7586909874774235,-1.2924608601149805,2.465172242002488,-3.7833928653512605,-5.759139185367183,0.06890536336906726,0,0,0
-8.600189621124546,1.7224968999455987,-0.4803307649883163,0.705646782319238,5.037038094069627,-5.10616387185413,-1.5672572192712484,-0.7038597505873193,-5.195600647148196,-2.6266941177412004,-4.609434343718712,-1.463892658962738,0.04351052797921444,-4.2793535991792915,1.7384565476113354,0.24330094309688932,-6.078701417487221,-3.5504550360961193,-0.03584826239358742,0.7256615134472316,0,0,0
-5.070887776663374,0.13957143875527103,2.6898762387054456,0.9655917697596055,2.8763637116687115,1.666811124015914,1.1979610464688026,-0.5478558683501692,2.034331318165767,-1.9333312290189462,-4.8631879572946835,-0.8380056420586512,2.120911228469748,-1.973444953495794,0.5096894014678819,-0.9911444824868679,-0.6160525812547223,0.9692230577317736,0.28344234549839087,0.41245694691262924,0,0,0
-1.209637216042893,3.622906353094444,0.21671210347184622,-1.4759432589147634,0.04860321295649412,-3.5936755523207418,-0.44291351511474947,-0.36619543792044845,-8.652032130470548,0.5647090767224335,-5.559087330913819,0.04136160352090943,2.3752179536094866,-0.6280664621562959,4.647950909335625,1.5055309778031234,2.6960446150629664,5.477340370991276,-2.5283728407776596,-1.5415429629296051,0,0,0
-6.502174060605514,-1.4892669587554104,-0.7937558144000285,0.8193899488633837,-1.79680272567505,-2.542794336975164,3.253220225937744,0.9826821884042704,0.7334694007184122,-1.2539481728490347,-0.09606557738173642,1.461191458032744,1.166161116974445,-1.9034707914831457,-2.208823707235671,-0.18956422843301046,-2.679736279064127,-6.572093884030141,-0.7127822515973128,-0.5259820364197398,0,0,0
-9.352955150287679,-1.3787416108502544,0.8385816688122456,0.6169053054965424,2.118248049567617,-2.881798413674628,0.390424873885259,0.16217492831713262,2.5284392317818996,-2.5361400023523686,-1.6681069501870727,0.025429216326561588,1.2966022556530055,-2.594335156908159,-1.5415391226172876,-2.6086606554810534,-1.793804137726486,-6.288786876661287,-2.0321533930602467,-1.3194338483892463,0,0,0
2.9883337999965067,-4.6665039807079065,-2.5411649293676146,-0.6398257769233484,2.9080814605892282,-1.297766020637744,-1.0352600737443174,0.7764520994516896,3.2447212676361463,2.917178237116122,4.376271231705865,-0.15386837226582253,-1.2752214228123446,-0.2383472256511936,0.9320752775189528,-2.7726368079784134,-0.4472925014160197,-8.495207198469632,-2.032211721912215,1.1802205627224907,0,0,0
3.4653213035109265,2.576072514289311,6.827682656753824,0.4097197445342977,2.3265560267051053,2.533979837536928,-5.772281062507601,0.45762763355327235,-3.3547452580548973,1.340778387226664,-0.1464971265453073,0.20160582855687423,0.7205063057444785,3.167983543364155,-2.3432952156022155,-0.649492767760724,1.351122615159498,9.293825065659952,-0.12194565775238682,0.588819420890879,1,1,1
-2.8645815922961195,-0.31181873657163156,0.6245260842461118,0.9391616493161737,4.691128728125556,-0.9378224146128348,0.08050196626376743,-1.1731179654203914,6.295953467420164,1.299582650210006,3.4107974243336234,-1.1110788800917448,4.105006955728623,0.06525380096007881,0.12450262533504261,-3.529068493803634,0.4807814694288802,-9.76060647444272,-0.4959653816897682,-1.4247472159523398,1,1,1
-3.2561196435618243,-1.3308327231910426,2.585146442126796,0.3374622710085487,1.854370041498403,-0.8173478567053818,1.6092098863593949,1.0264671387861808,-3.2083039199509256,-1.098710493294823,-3.8242196017973327,-1.1188795992235652,2.9745700455074946,2.0783307984460344,-1.549256811083725,-0.25459733981379484,-1.1570497759113652,0.2195025277476926,-0.7805932493942608,0.747546669116599,0,0,0
4.47080117632663,-2.3502828508231626,5.605766264554447,-1.025089038972796,-0.5666884188170899,2.180771238369821,-1.6661331945072413,1.745288235507396,-3.0143136505253514,2.4387457537522472,1.1701315875169582,0.21530188501593905,0.8298252437613972,0.3466992305875152,-1.7557499038465865,-0.02519823365807279,-2.4841031574559667,2.5106648793907502,-1.0101592885807769,1.4767966028489765,1,1,1
-0.9641046795554725,1.051353124727797,1.3247198650663987,0.1963453712195453,1.3322742540368606,0.28554359183268213,-1.1393699261254424,1.2431301123042835,0.08921145413334851,1.402288624965206,-1.3206410471999321,-1.1192454412755335,1.178860256304557,-0.014953056065189957,-0.5747936166043123,-0.5738326147565217,2.3880414622967985,2.046092567606681,-0.9739185059287727,-0.09085500610273552,0,0,0
-1.261916707553604,-2.398568382174715,-2.02874934716329,-0.45311302576110696,-0.6179481456257329,-5.549421076155475,-1.0847227816306593,0.42761665069647925,1.8340705911492186,1.6604917936382806,1.0700317468630385,-0.22300900676339686,2.258572206194503,-2.495932874727422,0.7201291839428061,-2.8002100173171405,3.217627921810428,-9.66008207898193,-0.5481288162150124,0.4276908305793196,0,0,0
-0.9680118780995095,3.147126118456829,-0.07548874735861189,-1.2728854870981319,8.023198025885984,-3.3553748297716988,-4.232409174295123,0.7238227853110509,-7.304351961923918,2.983414517126372,-0.47647014108700414,0.622014101086413,-0.6288695913350137,1.4178336971315275,2.877733667603011,-1.4205592101583444,-2.152051280962926,0.1779811683433974,-2.0647204774868757,-1.5904052804415083,0,0,0
-4.603619145211934,1.0326605732714171,1.9092290787730066,0.09537192167024701,0.152546115256646,0.3987730770016618,3.6091215779681933,-0.7100446482647008,-8.048846394235024,2.3529052119320375,-3.18734368234954,1.588408571423114,-1.2545934769657472,1.6826674048467576,0.12561642892483557,-0.5161840649497582,-2.549247081287705,4.540340702949918,-4.034155912648682,0.3408642860002761,1,1,1
-13.00692093772119,-0.05314044053346759,-3.913558190116036,-0.25377079194304897,1.6378571328406826,-2.922657299405681,4.204385570696613,-0.10876546082879507,1.5607265760067062,-6.331735210784149,-4.866371461183579,0.20068418442242408,-0.08620922645360449,-2.5980996730055717,-1.0329775324647892,1.5977666017565273,-3.751378817091103,-3.9166815096233383,-1.8241554523356729,-2.479314219897957,0,0,0
5.463810553717101,-2.7054800461569584,2.4818531750801753,-0.12484229441140192,-0.15301294815212035,-1.8132533180692907,-2.967787074970893,0.251724675759008,-0.329632911525269,1.8461014184801816,3.897723189886213,1.4917146149068043,1.5068519699929788,-3.4209645431980356,4.275814547305278,-1.8854804337104927,-1.902401550951588,-5.976305808622571,-1.4466976000456766,1.0057883084895396,0,0,0
-6.2100720045139495,-2.3490081266753298,-7.591404613294521,0.7339728832091222,2.3311409623903967,-5.349234865299131,-0.022917035588464255,-0.4623560353603099,8.72062991336316,-0.4395072661526093,2.1844143924291775,0.6508540205296625,-0.33064849134073293,-1.9489902786512618,0.3928400603595837,-3.5242550683011493,5.131057016424043,-12.205694655494536,-2.9384426160826504,-1.362097381847402,0,0,0
-1.5391842128805824,-2.080120679618739,2.5617841679541957,-2.9554729090274057,2.959214619633897,-3.4915936017257456,-2.6946657609962257,-0.9829605008000586,-3.505174465436999,0.6821215259622196,-0.7373792386223691,0.4383874244220077,1.7865442508423284,1.2751638718874083,-1.6067750713860127,-2.302111651161023,-0.7802204548741187,-3.1531209378315195,-1.4971137679592805,-1.4043778387506498,0,0,0
7.090210157569802,-2.062139868176496,4.386003848347135,-0.4204145019733378,-1.5040897564707785,-3.5690743960303957,-3.952503679888704,-0.7014680070510565,-8.938805113448584,5.8823218409877756,-0.02962353692905164,0.2428185802488779,1.9400733672333597,-2.814002440049413,2.0620012081717487,-0.9724232968184565,-1.0515699198416777,-1.6739513987414478,0.4438855211037493,-1.82573116492385,0,0,0
-6.6893684285309165,-0.8369202869073469,10.062566699763018,1.0664239369740494,0.07966393700334047,0.3499352765293399,1.1048546339184222,-0.768638641334961,-8.786547427408374,1.7288519944310599,-2.8965831407527225,0.15108439732065995,0.4500430834190913,3.7061296615489017,-4.511738373148461,-5.489732369779933,-4.184708652202607,3.003803666300317,-2.0057556718891267,0.8187611476387341,1,1,1
1.021182083289424,-4.556386710356717,-1.277794700776961,0.19449536879854754,0.22257797724384512,2.705362630436556,2.3415792880462685,-0.34902372872026044,3.3073390162770573,1.822791716537956,0.3079591849076115,1.2210649821849666,-1.1693047914054913,1.428738356592519,-5.012539312423341,0.5500869159673736,-0.46123514694098716,-1.5833139194031003,0.5432085970304547,-1.1538001426965592,1,1,1
1.0115310203786427,0.20752284180700387,1.3243905949489205,1.2040671204503715,-1.6169475012692103,-1.3452077097266089,-0.5050864082453392,-1.533549593502443,-2.263808002588167,0.9131818040225034,0.9871879152660373,0.14882320563434134,0.872276928081822,1.250655225732552,0.926635021060487,-1.2056883349730732,1.857390207332774,0.45243180077467504,-2.021331900643689,-0.3595240520877264,0,0,0
5.266146874874202,-1.7925100777488865,-1.0808173011999798,-2.0803391607580695,0.011270030872983991,3.4555106354638356,-1.6888386797176114,1.8598427246390856,1.9106000153706342,0.9678996820327141,0.440490751955137,-0.7985352171289454,-4.683114558438035,0.7640020873675073,0.8218468485557915,-0.8276488189269513,2.08875729522504,5.03182360292814,-0.08277876997422344,-1.0632392960356605,1,1,1
-2.612892349758818,-0.38296910447679006,0.4540756046754249,-1.0898925170048823,0.8824339010672219,-4.943944061552093,-3.1287690664449013,1.1018253792126877,-1.66841456571522,1.1519582190585245,3.175029809681405,0.5161449884774214,-0.6770684673307197,-2.069808300235174,0.20358079354205214,-3.3340024914812068,-2.270030222283314,-7.624339554774457,-0.803913239189896,0.758874664905134,0,0,0
4.29893782717402,2.823796318343133,3.5507421874016254,1.6423755547116878,4.0609396032921135,3.040402554580417,0.7013495785018595,0.5554957489773475,-7.527686568177444,3.83488439773742,-3.099357988260964,0.20526989545948726,-1.4858841263594613,6.20203290268867,3.2938991996067455,-4.354851934859718,-0.13569725304673078,6.03480882487973,4.91001995592951,0.6488903555858153,1,1,1
-1.091664613102706,-0.0804263520012605,3.7701087161035267,0.40637917023892267,0.44152338417594533,3.8743043882599286,0.6222266156141767,-0.3114143251990473,7.104285794659849,-2.607260123772298,1.5751330856129695,-1.171781215222406,2.0925399930456057,-0.8307987134391775,0.6415145174165542,-1.6969783342989069,-0.29700502360952685,-0.6457610145728305,-0.20883585584500405,-2.2693898270684723,0,0,0
-5.989935310244073,2.1689271427439283,1.0411373039909355,-0.11249272118299965,2.8067477494080295,1.7315663548997233,1.6249811071602385,-1.463796305178207,2.3171421416773286,0.9224965585171622,-2.4127714970612812,1.0940651656586509,1.1856968900271283,0.27566658248323705,0.5569305158859941,-2.013519607059335,3.2147909867138926,2.5770085289811107,-3.8683169263683594,0.9861919419810101,0,0,0
-0.8806710235012519,2.1660458897582004,-3.9061591628183416,0.7617661744263661,1.869630709373577,-1.0687060383152243,1.7765757123667314,-0.17555759153453532,1.710946282082808,-0.42146885316705873,0.10848010951835184,1.0249011242363562,2.011755151223057,2.3076362252931455,2.7156826127742755,0.6974734093324376,3.9215408580325675,-0.7462693147927597,-2.0891164547196315,1.7021397555973097,0,0,0
-12.656935829689274,-1.8939498995053707,-1.888953734571646,-1.8131381196114371,-0.5697193416327471,0.1401503636473598,5.354234824877164,0.4945473628874742,7.200931316915619,-4.4744431229125725,-3.4820262823784005,1.1695825020584976,1.403556681207733,-2.5540378666710155,-5.072110261425198,0.7927243059349571,-0.7337694742463526,-4.221213338268118,-1.9979797185329329,-0.3950279918426214,0,0,0
-9.817114633348778,-0.15918237287981443,-1.9225532788053228,1.6535523314189056,2.6581269426694765,-2.7823996218744096,1.798455116241646,-0.43931104636067114,-0.39711365571730944,-4.178197723367221,-2.4744384755608277,0.23457357652027705,0.05935473426994165,1.1408518276617732,-2.7483941353204058,0.4564047996162727,-2.3970176038237203,-2.135266047746562,-3.057227993083387,0.4925500240139897,0,0,0
1.823333665140128,1.4679214318890634,-0.381322581213488,1.2363554487126798,1.067943578441471,-1.9725207814776733,-3.2816666899417006,-1.37831678705125,2.264375355494186,0.203448608182904,3.6445714667810827,-0.10198616984766086,3.5743245742271483,-0.14385719503293495,-0.7252547861779682,2.084591645506731,1.9361019184704762,-2.2409782934690146,-1.6768563315451717,-0.9847872846740569,1,1,1
-0.38414262964214085,1.3436855332844615,1.1844198706263338,-1.588325541911024,-3.0353395691193983,1.9510389925678158,3.412453314437466,1.1307289285093962,-2.5210874381003405,-0.5179724067742109,1.4979284668958772,-1.6674434416062924,-1.4686908742265072,0.7870975247274915,0.8291286532434365,0.4985737130464659,-3.917171512800351,1.579222579457043,0.24508975271429384,-1.6039096935533412,1,1,1
-0.4007985895467306,2.95097998986021,-1.5484839605699163,-1.8702014894663703,2.1627409042858132,-0.08361929134975142,0.07087989643357503,1.6747006181245851,-0.7250526326449176,-0.31822042946651924,-0.44047947539242815,0.39914708326911535,0.893192267015137,0.15450560690615583,4.40844245592394,1.1785122551522802,1.7650270268518167,2.9179695006040736,-3.783285718633392,-0.37028724388930373,0,0,0
6.4405385644605495,-4.738185265588857,3.140657056444134,0.3639214576335644,-0.12316739456197369,0.030677462559999646,-4.705529566984406,-0.6257195286347075,-0.2527538831085211,4.483894991830729,2.45737675657172,0.17699662517309814,-1.3682457670891508,-3.066467506943254,-1.280201776184729,-2.126282706305699,-1.0657115345661505,-2.8132077790363526,0.6176036633016351,0.4100435531207168,0,0,0
-7.323353645034707,0.21402093895690993,4.650910199606557,1.4538254307126401,1.35949135864621,1.8548294702912267,0.6646230301025718,1.842709600841627,2.5318959510754535,-1.8343851506320905,-3.583916489846167,2.5470536354188544,2.6349155443440857,-0.9966315633495456,-3.097186297517178,-0.9999375736130962,0.32073525511209233,2.490954796441036,-2.3053105446038837,-0.6210042788066882,0,0,0
-5.229479462484253,-3.6136676166305013,4.317599866849967,-0.5166273531465901,-2.081307876451444,2.6159619649929713,3.2076193355987828,0.00018228045784994358,6.565581232702478,-1.8877319425118402,-2.3538768980359133,1.4892917910257009,3.7756546337341694,-1.2104270460659645,-5.031831149228571,-1.3758822534865787,0.9805134093102595,-2.1596512627300464,-0.06318264795493411,-0.41416109241212945,0,0,0
-9.542299262713705,0.09962192309820005,0.26454646301861856,-1.256063625410352,1.3551956441689441,-2.8465765120837023,0.9561337557899358,0.2676798102549612,0.437789681566403,-3.8061218345730596,-2.6713818341767253,1.0557915313206698,0.8950905427078397,-3.5136682745410623,-1.1712384947148908,-0.18428718530271057,-4.180148854419505,-4.543163860555047,-0.5353217090960918,0.14385294370202956,0,0,0
0.9241583066451249,1.9537599743627272,0.70402317566447,-1.2420048302954412,2.153626809277588,-0.7508634011600319,-0.6472726340319416,-0.3888528337879178,-5.021119841985199,2.4153495159641194,-0.22362965644621188,0.8254277939713813,0.2629361685921434,-0.4612195355685528,2.5897125297230597,0.4738318357714235,-2.115804590987369,0.9795023351570199,-0.9556684827486963,-0.11473412902806858,1,1,1
2.1901097307759634,-1.0866606333149704,6.3035122973100846,0.8052323985977367,0.6479813421995779,1.00687723208234,-5.00342966394324,1.2624696408246046,-0.42317244326704906,1.6021249612007478,-1.051879510524413,-1.300879360197937,-0.36058827828966455,-2.57860659169999,-0.5538600514317175,-3.6388472642365626,-0.11386375136055285,1.5998958457403618,2.383000617554325,0.75479206790822,0,0,0
0.35918277340959043,-2.875506501263354,3.1161179061199444,0.49954933478090746,-1.0725451298504731,-2.4082262041395035,-0.9100933675730065,0.36903128183511513,-2.650926709794848,1.462683644502693,-1.3029725983221516,3.0078802711818935,2.589371337607179,-1.4059666956232972,-1.1912862593369284,-1.2439166296951714,-0.28643240602444553,-3.1747934801469953,0.040304536457038666,0.42582684785426217,0,0,0
-1.0943491437552983,-3.6619302427406826,0.519354051809661,-1.108057895887677,-1.9582637715906248,2.1415390030263626,2.48923680057361,0.05231006410289489,7.864770408635548,-3.598176969351536,0.1074585107705986,-0.5668493630426675,1.6995679094096834,-1.5706277907746695,-1.6525389259929695,-0.1844938436411378,-0.250663169257383,-4.090111970069559,1.5889672017215415,-0.18902065779217608,0,0,0
-3.040589014781552,2.0428368090822016,2.9526764263460272,1.374731563311312,-0.35700822638850427,0.9113897415032951,0.1060741648363274,-0.6330336487051849,-0.3660501801942395,1.45337999009576,-2.608866331322553,0.7298343897796682,1.8316898040776872,-0.4669837995588396,-0.8608871922524509,-0.992537833017943,3.130482780290479,3.8160911977410583,-1.3044399083989482,0.2043463723117912,0,0,0
-7.190425473178159,-3.08596712885752,0.2840438700786483,-1.4134666911045186,2.1606270187231034,-4.379715768405996,-1.2447211385452888,0.5172820793204325,0.19664962658459076,-0.8802632935390513,-1.5425842674453143,-1.4439676705203501,0.6914138372661497,-1.8803821008094466,-3.4260427277692855,-2.2072692777952483,-1.4928641900830624,-6.643783065529904,-1.9061458658883992,0.3462577413538765,0,0,0
-6.328029720256151,3.3112241677906527,-1.461462140831318,-1.318298599427109,-0.45125110137670915,-4.830170370189352,0.5455886197950877,-1.3327631865145462,-0.14440693729017626,-1.491866644346953,-0.4409662895731006,-0.16917040187177126,4.404286440232276,-4.246056829251572,3.809464517309628,1.4647605036592561,1.3877128016556244,-3.8043327747584277,-4.941130849691769,-0.7797072798692046,0,0,0
2.1692841906500457,-2.8700243466034188,0.6295133586739474,1.6070583108403051,-0.22606776291384595,1.2146823465415917,-1.2340390300115545,0.9555852698907245,4.1064898993704455,1.1627241054297974,1.992071660735745,-1.296574735152432,0.8577370468454572,-2.435144695750233,-2.5857672150113746,1.1562687269738996,-0.5416662987199004,-2.5569528963189456,-0.2023742226778663,0.4983303234718656,0,0,0
7.52272043077735,-3.1324219454540443,-2.7641666295536993,0.18311849848122783,1.5670224846283578,-3.5589591329483183,-3.43091534633035,-1.5758555219501431,-0.6254086089799696,1.457383153403497,1.0961179683295241,0.05293854972381729,3.593549492142183,1.0087037462010737,0.32934279663341015,2.8780308238315815,3.551216309712998,-2.9618055572480855,-1.1154612908545642,-0.5372129174202663,1,1,1
-3.58328488159717,-1.3931957992426287,3.164227926635192,-0.0774235433386084,3.4657453311880495,-0.2305600327817831,0.3456950409698971,0.7513886329485533,-3.2323326032969,0.3900177606483167,-3.282617873988227,-1.231169005609059,2.097903686115346,0.7763854047877793,-1.432257548751,-0.46315771464572714,-1.9022051005341412,0.8674374273375871,-2.844600048383447,0.48251306685007916,1,0,1
-0.9550596648395687,-0.639607632112457,-1.6438636930298576,-0.3329350497563042,-0.2811700458574527,-6.36120682311988,-1.3927746681431303,-0.05222239842275779,-4.636685323101226,3.7806406980594423,-0.31466881107800654,1.2245536530155439,0.4058876158512734,-3.3379001620588182,4.34958992150414,-3.0137771829062703,2.021249761756161,-6.140450527126634,-2.876671001364388,0.3389892778814519,0,0,0
-5.038600601099171,0.6616237703700316,5.093490875390896,-0.7809047846536571,-0.46112728981023576,1.0506155104663115,1.614029158234922,0.7652596260950965,-0.6098236812464372,-4.193890929829643,-1.831860360690473,0.05467439390778235,0.9006249060904863,-0.295120815751919,-0.013411944167118751,-2.1414135393535365,-4.736015241697947,-0.2564220569582015,2.12706427974606,-0.6191127229110174,1,1,1
2.5793374289677766,-0.41002959897218366,-2.492265253316919,0.45682181858292253,0.970217799307785,-0.8979898422722419,1.1323865815872745,-0.06316174333586706,-2.295635429496828,1.8409473299258559,1.7145459461376158,-0.38255280852483525,-0.5952512219323871,2.2651430625702895,2.7218826897598296,-0.17202987381341206,0.47929127256905385,-1.1132058067835946,-2.439464372012262,0.5719777415531356,1,1,1
0.9194479127058605,2.9565634502672515,-2.7112444647360197,0.8853989471261576,3.6827849521518545,-1.3646113101136135,-2.0855317289833017,0.675429661795206,0.10391096624314605,0.4278679261816482,2.8822822143837716,0.22122168733658454,0.45840974548371244,2.848347185519124,0.5363107291841135,1.0098083593513942,1.149903184696833,-0.4238039584251769,-1.008266076472763,-2.027817588590788,1,1,1
-2.9095799124481636,-2.893363132409027,-0.8421728580800861,-1.4876226486189164,-0.24266411788114073,-1.4474529637949591,0.9083476297756224,-0.24084864609522733,4.999448238539308,0.2801624301634216,0.7266928508429044,0.5868564826081745,0.48263931109741376,-6.08028181679701,-0.10634951239955893,-1.5964693905980984,-2.9050088082932914,-10.071973342049258,2.449792143076006,0.008216996702964784,0,0,0
-10.388849759866883,2.5650034912467428,-1.6682794899418596,0.741191786248129,0.3598173981836585,-4.093810527930686,0.5191752712808485,-1.3276315081441243,3.8991970915179803,-0.9679904830372351,-3.1907922280708427,0.41343080587549164,2.8792507842286708,-1.6758637915086925,-0.8684798698729592,-2.7472355025328943,6.683477598429971,-3.283191846200665,-2.274335048614792,-1.0292591287129156,0,0,0
-2.8761574533364174,-1.573566122475696,5.909548073337852,-0.8347317758701117,2.7246630010304,0.9899575055256646,0.8115526240028452,0.6777534899166127,-7.68877808191062,5.153598958615296,-4.801606515058825,0.1316976925411428,0.9897053544082921,1.401047460350188,-1.985762125067818,-2.4661555944476037,-0.7585593807227751,4.568475104299279,-4.180263363643773,-1.789812189077503,1,1,1
-7.794539056461091,-2.431475573695644,3.409229877565459,0.5256006809362805,-1.1400365813997249,-1.2602248006174392,2.068593828724984,1.8248444436381173,0.11805793910302465,-3.4449444076096474,-3.534913026883665,-1.6601830107439868,3.0142984933926433,0.5028152344659811,-5.291541995722592,-0.4474665090855574,-1.1965941135656248,-1.404213110262744,-1.249435758065263,0.905277703211358,0,0,0
-1.8510952596925259,-1.2239020054966174,4.840237713844838,0.1942989142219489,-0.9586507015035974,2.8832549885769057,-2.3549959831303338,0.03683499650749139,-1.7415796300700688,-0.9532001067931478,-2.9257789924248665,1.2233435311313292,-4.567472735190135,1.0421897685921382,-2.924889993092944,-3.209500310357392,0.29452007878301895,8.351005175003126,-0.8517526615833068,0.5410520832025612,1,1,1
-2.389776070201782,-0.843909919366165,0.7770124546640841,0.927768115571339,1.9141126067354124,-0.25507813299994636,-0.583831755682473,0.05305964165650683,4.4561542006400074,-1.4602348991482519,1.0659097734256968,-1.886748820004781,0.31825950331231323,-1.0996671906232156,2.765366529451662,-3.8332918606431474,0.9239167655502833,-3.90462771996413,-1.9233859475128436,0.46088189436692717,0,0,0
2.2396522416178075,-0.8338701988378487,-0.9120565403681771,-0.9094417144582412,0.24093671507293954,-2.958493397336739,-0.8763911977029415,0.5930554439730066,-0.11103188244500788,1.8648726748922078,1.9552948135832822,0.99719099494288,2.925298145730709,-0.6413514726597747,0.19667371203526798,0.305884521437546,0.5740675447691599,-5.875976871543374,0.74068459827225,-1.0792643954535677,0,0,0
-2.861389750161968,1.089047196304843,2.9405833508708286,-0.5981761711314142,-0.622230093794417,-1.241464358298962,0.01487076818594822,-1.3487138973184136,-2.2374927976095647,0.6789736958036635,-0.43364072476898785,-1.089816245637207,2.173489443343382,-0.668961854449534,-0.6162546014550178,-0.7304078125153779,-0.5045254043536833,-0.46524249871685025,-1.2946483040854577,0.07506051080799322,0,0,0
4.297617425322544,-3.247861689760888,-0.4269370672085449,0.0054569002293772375,5.82007657639246,-0.8154162282629336,-6.128819324600449,-0.9231128323989524,2.8908352363360037,2.013704823602871,0.6707243390814448,0.5917006560577176,0.4512684233634197,-1.5031243876591787,0.06482539256993641,-0.42840185952998855,2.103251903768372,-1.7306023382814306,-2.1081227174090635,-0.19915434721162273,1,1,1
-7.517572155416923,2.5339621811406796,-1.3098704511281687,-0.6367078677032292,-1.3849760547631575,2.958769628302574,6.102038231340507,-2.3357459379447847,0.8421716657470262,-1.79119233196864,-4.6005746912063845,0.5395292232709813,0.8621878621064445,1.4193025938259614,-1.0608427407429095,2.6793083337380756,2.8145916029126314,7.362253588541015,-4.7810651880579345,0.9201546118150828,0,0,0
-5.877998454312221,3.5054886929314764,-0.09590775655539732,1.2279658462152518,2.400865279070337,-0.9961534932313899,0.23009026107694186,-0.513735232943518,1.9690544787072637,-1.2317978622659225,-0.7310257957399172,0.3855173909244469,3.1048039811519277,-0.28545694248151066,1.3967397133509867,0.14455674205478508,2.6450687579021723,0.585406799858471,-4.410286692226869,-0.9208108425402675,0,0,0
3.656942048658224,-2.3894404842150325,3.726524580021294,-2.3800250759790935,1.1425675140238702,1.0335856893716235,-0.8328781218519429,-0.15536694207060384,2.424215608789474,0.8493731943425118,5.138437131449615,1.036334609415376,2.483866414405909,-0.30136031846425004,1.5907511047284115,-1.8514886684400276,-3.0319669065063337,-5.560102195674302,-1.4978868378630867,1.271555319557942,0,0,0
0.3495906840058485,0.8484973631510261,3.845796636919116,0.666628038648615,0.49179694269974417,0.3231465467378743,2.1202515127555497,-0.758134739205567,-9.053569030649973,4.728668288482603,-0.8105925259240343,-2.4435073364167565,0.4473246669584825,2.057448021377732,2.2551547545062696,-1.584074640380427,-2.2041197922041125,2.9868498979442926,-3.6832519506488373,-0.016597057393046122,1,1,1
4.199206612132117,1.2977021265470883,-7.226949174702008,0.9254923267080208,-1.9423108738297825,-3.7768159525227385,0.47282307406265034,0.9934451298025451,-4.49504193471825,-0.5450235357809571,-0.21227017448511298,-0.5828150655137242,-1.3322705737876868,2.1984179984438637,2.993407474566444,3.7956530693744805,2.814822904701538,1.4131806818126522,0.04710445409514013,1.382610473909505,1,1,1
0.47713772766841595,-1.9714079160823992,2.657643817659686,-0.24811975950556123,0.4202603826358542,1.4445962570091349,-0.07404203762933685,1.2169970938518837,1.391531232074411,1.4963812668391883,0.7350023300396846,-2.3939252178350094,1.28087854629178,1.1059579917544256,-4.229926863947259,-0.6806891416279875,-0.7497097532253936,-1.3924968287360704,1.377050726412292,0.6848873398865509,1,0,1
-4.510285430706416,-2.8899305838005005,-2.2800951668755984,1.456754668832313,0.8035167013657682,-3.325065025550489,0.17633608455545396,-1.8239206480722623,2.1545969944534953,-1.3465861359883924,-0.4506690068525637,0.16332786125698817,-0.4955361907797766,-3.1966621100948673,-1.037244390045633,-1.0972356794112694,-2.1598310729989416,-7.803120226564485,0.31800671768346966,-0.3100863577570967,0,0,0
-0.9897907984354679,1.1550435696277637,4.491364969022414,0.6952247006343313,4.146243413122234,0.1579855622623385,-2.5863318594894786,1.2707548835838816,-2.588199313352651,0.6999685865108075,0.9243775877385219,0.19421580933688712,1.2785398078433066,5.340966775439017,-1.286196844149126,-3.2351093767593024,0.8393057933010182,2.6666472509404806,-2.8425007279990497,-1.1953116116115237,0,1,0
-5.360480631345829,-1.6628305947712176,-2.1444772412314292,-0.20125128420291866,3.861699220364308,-4.764254606464175,-2.927494576598849,-0.21577014421181293,1.7723810441836656,-3.7407074609402793,-0.49507623461982375,-0.8693575770309394,-1.5518596275210634,-1.8666059631354106,1.7546440094490245,-3.299969384989224,-1.2645418135531403,-6.691872270751479,-1.1975031097819346,-1.3315481715488215,0,0,0
-3.9066399309734345,-0.7098818256635671,-0.6102659778257971,-1.9455079821781203,-0.06854191034497686,-1.37128696225892,0.2427103259494149,0.2289653505482662,7.715625661946306,-1.386351054772029,1.3181375021774642,-0.22670632317190628,2.523625005417976,-1.8040416977446938,-1.7764407394528012,-2.3550873146749876,2.2072121191120657,-7.796593629505847,2.068672615215664,1.2566319635515357,0,0,0
2.1382996458096915,-0.5022779401070151,-2.906601545463299,-1.1986091786261046,2.288838934161406,-1.6617263394577166,-1.0170746695314825,-1.702245895668296,3.1265002657173646,-0.6515843953081082,3.0320591649678255,-0.18454715355815335,2.4507660076499165,2.060293903456971,0.4509454897986628,1.1873310857464738,2.1263558428865004,-3.784183733974528,-1.7291299628822878,-0.24076528400483618,1,1,1
6.388599442768812,-0.10872084388044857,-0.2271667582665,-1.1963214361512229,-0.6353173555565536,-1.5392376430937915,-0.5340361674601849,0.30855216451718653,-8.736804701920274,2.1159043193771727,-3.5432058635736077,-0.4821898328347617,0.18939524835413132,2.078077595420151,2.5119974893564008,1.5206963117656878,0.9653068337586892,4.433941636756083,2.162254789220647,0.18384982437405345,1,1,1
0.6962391885696587,-1.9691510540917123,-3.438580751618344,-1.8357888486670975,1.663090530283397,-1.9384055773251903,1.1067962826370596,0.030492971308059325,1.375517231050601,0.05961404241564258,1.9166951114747328,1.1850661420408284,0.05556731300453762,-1.3889935526566761,1.3366376079468039,0.3700176951893403,-3.163139233196193,-7.91447815746935,1.521046043808559,-0.6009889952809848,0,0,0
2.5601615049014064,0.15794636690133892,0.25177244772345025,-0.39263264725085945,3.1348233841449638,-1.2953897205443932,-1.4261681256081227,2.0011305903699226,-0.4750881463248815,1.4659167049047743,2.9735641513074893,-1.9838365260107957,0.12563758227582067,0.3092417213776963,3.9318526566148226,-3.050539877868331,-1.780012758540896,-5.372740527664416,1.0118407841985135,-1.3156837361051743,0,0,0
-6.6137570062969395,0.2185033963137516,-9.679187142712028,0.6925462430456124,7.176112910353435,-3.619847063061953,2.623220458285319,0.13731585557220194,2.611339437420473,1.8852863945320741,-2.089337985064965,-0.4088382256033527,-1.132140101371944,-0.6239134002793366,0.9251082205302062,-0.006263313017042437,1.1033508249853918,-7.995373866068366,-0.8346260997570125,1.1051008039851389,1,1,1
-1.627993476536478,2.1104592710561962,0.3112531746887833,1.1362871314219953,1.03410843587882,-0.7263038740491733,-2.3409312037588794,0.7648000067795949,0.015895065879503425,1.0300260355087054,0.8624398806404169,1.024920885209465,0.43276269129228706,-1.7227903542651422,-0.7748173543250882,1.0635451719238849,0.43015120564310444,1.1084501185890534,-2.0747880660555342,-0.42834947806102064,1,0,1
-9.777700215386602,1.3393660556761373,2.550704539014732,0.43069213531398703,1.832855425335206,-0.7879411288753418,2.130384348418527,0.5038351687486531,0.7751549775644366,-1.158105340110396,-2.5064850923051876,-0.4153559716519899,2.2858639420542173,-2.3001481684137945,-1.081066265222209,-1.7159167850916952,-2.3018905483741694,-2.8632385333378365,-1.7038715075326365,-0.28941308226521134,0,0,0
5.664665143744504,-0.4777443512404544,-5.932832557569272,-0.6523646629244478,-1.1167474904793533,-4.283973367298236,-1.0785402467795415,-2.074325726671847,-1.9508475439932826,-0.43164758021493227,0.372739393966388,0.9986242305004162,1.8002572394416345,2.342704241314704,1.366051310369316,3.8599922191495946,4.607225163027235,-0.8134534685124306,-0.18533497752721087,-0.7399963069071718,1,1,1
5.097401769683769,1.1385907599803373,0.6391458454318284,0.12909788046809995,1.2860252764992086,1.344290010846392,-1.8271345875723886,-0.5464351482495492,-2.7979443993493414,1.120909950370476,-0.44802867182496525,-1.639935659740808,-0.24257328906875844,-1.4913081525438368,4.44339113400841,1.8367016481948997,-0.6760275433094615,4.403594112078795,-1.0673813237523886,0.9039123785167865,0,0,0
2.2997856403763435,-1.2311490027464318,9.900070023512951,-0.8043844065756117,-1.1696219416904483,2.992672276779434,-1.785945009223855,-0.07245381113931101,-3.1131565108290116,1.2517566657149375,-0.4680304480803321,1.3211197979192708,2.695434562008199,2.1608294731992466,-3.0605510874158903,-2.316306244141045,-0.9488476233412498,4.8603041016781825,-0.002513551580048233,-0.8859784508722219,1,1,1
4.023420949983675,-1.6985362926705259,2.621148976635243,-1.1750717515623947,1.710086405537179,2.5613207197382564,-1.5966536456712588,0.26477886028039854,-1.253996720544444,1.5621929812014244,1.1320630390202766,-0.5005546539831108,-1.3327546915143602,-0.8584217271289939,3.598058396533492,-0.7505675303547927,-1.3734989028774702,3.3519853686180303,-4.610866491736351,1.5657741933909433,0,0,0
-1.3371134091618602,-2.779540848361041,-3.2955869919303624,1.974839530962538,1.3080155394131876,-0.7405367809947077,-1.1252282150691975,-0.08504060055429687,5.778722355605293,1.5200811826738458,0.24283415276669787,0.6136159571952778,-1.2403048040690958,-0.19435324716583238,-4.473476205312986,-1.44198246891695,3.664210952079379,-4.162027685295248,1.2392173064094283,0.12708903328299787,0,0,0
-2.728808331520314,-3.078068024125637,4.801288762054522,1.2097447659329381,3.1728559166808483,-2.3663478086954353,-2.8262402430959166,-0.2755453724266416,0.290249286196737,-0.15021084564339895,-1.7922046028701772,1.0775972192399925,2.4146776105726375,-3.7034061052694462,-0.6406240219600744,-3.861248407424523,-3.4478047411299273,-7.16148683839935,2.317671489600131,-0.6734506119310424,0,0,0
-0.5135377857943587,-0.14146829239587058,-4.39253597431865,-2.013600115926318,3.164595821935473,2.0054167997531804,0.5920888330356577,1.381703942180541,11.410413941489697,-3.613689280778098,5.235746952609611,-1.6478230852239486,-0.04073215040318916,-0.1576649915982636,2.483844740393063,0.06421030166017155,0.7004357459087787,-5.2892700162676975,-2.20438059205121,0.35666357515719027,0,0,0
-2.851706479118914,-2.3962352527078967,0.11255209691718797,1.2767731775883984,-1.2762674438241761,0.6463129810622691,0.6886027550611369,-1.4502492101580329,5.760356018317163,0.4167124504381724,0.9989277536239017,-0.6906373104707252,0.5246988564532803,-1.7309030643161505,-3.4388257999069642,-1.0490244912972042,1.759229059103893,-3.2724456560959267,-1.329854823762919,1.9278565969070103,0,0,0
0.9901349453520084,-1.2553886908700624,-1.7413261397160278,-0.38392286523220054,2.6759922302807917,-0.7544001973786462,-2.691873150755356,-0.17054563514954552,-0.2101091846871065,1.1302926335518455,-1.7123235702199764,-2.6579589768944323,-2.207766194157981,-1.6345811730069282,1.6649408677921427,-0.7278587692363493,1.6045244026901422,1.106447349727689,-1.542037076846229,-0.5559831595352398,0,0,0
0.6650554577491742,-0.8793963494495074,1.1432832244066844,0.40272950188671003,1.5757568694607393,0.12256261598537518,-0.7876916476908672,1.405503163740091,-1.4613238010407401,1.5658068719902234,0.6631135876173534,-0.8131373087667357,0.832599419523318,2.279704943307262,-2.7421909917009235,0.39057361117173384,-0.19551889606855397,0.6562971809976672,-1.3874291350278871,-0.22830091019251528,1,1,1
-11.615218739587078,-0.10977695820045505,-3.317444925114558,-0.15835345070459722,1.1274423671215392,-0.16866281637209565,4.027848647363834,-1.6050007401626074,1.9421954449382834,-2.594297291011003,-3.880721642645333,-0.009383701865119358,-0.8517024807265542,0.5481990425287601,-4.811827745540742,1.9997649913259485,0.6071511766834604,2.0031804387074343,-5.668945328488661,1.0708826027657339,0,0,0
-0.1262876045876367,-4.213389260767101,1.8481524328200876,1.4010697959446439,5.801343014194615,0.7020801346159645,-0.7631664378369317,-1.5594651844304912,8.870015120505334,2.270442550686066,3.4186811605021328,-0.0392060432074019,5.8856254460274595,-2.3679624852547296,-0.7950649746344266,-1.6452587064844224,-0.11599194889602213,-10.3623597307937,-3.0710066336538104,0.7623037169493121,1,1,1
-6.005805819231542,0.729067934942525,-2.98424629346308,-2.3089335076018145,1.2068927356897539,0.16534984688812338,3.21958084834611,-0.06992767733023769,5.182809332020548,-3.472888571449326,0.08649793710177281,-0.6487446969740847,-0.8554645377090152,-1.4652891329141395,2.645636237155062,-1.2962156038900363,-1.120816965811403,-4.16175698340476,-0.9010194462275599,0.9454291049034211,0,0,0
6.330924374329094,-3.9867085851084143,4.992386604043029,0.3026214767099332,1.5642430390764528,2.2502751183080667,-2.3511695175964284,-1.1632123430579355,0.2659657776777689,2.43416866936049,0.4032832404024647,0.30796130993860205,3.6269005040976214,-0.0499095118667415,-0.48200188367358543,0.3752837378084313,0.5033571438465702,1.2733955507881007,-2.440520946795706,-1.5092345368447688,1,0,1
-1.3172623343055723,2.1072898155501494,0.5331868106994192,2.022205066121107,2.0611809918161206,0.9389369936407604,0.9116315964880904,-0.5392608868922317,-0.11350668787544742,1.7367744058556425,0.1545442914744999,-1.812881315767137,1.2182268490803245,-2.3224086516253797,2.0701145047851477,0.6595852180685571,-2.053962055339203,-0.802468553120887,-0.706680670777603,0.028309668211311995,1,0,1
-6.758125391742179,0.393912510649796,-2.2658320317640634,-0.49102365429964634,1.221147056457239,-2.669066035150598,1.6710822067505675,0.6079040132271216,-2.000260781374247,2.1236048585272513,-0.3343524938180546,-1.2450729704339683,-0.38668597433069885,0.008059769796567763,-2.8833156378359837,0.08833565567145782,-0.48632609709914465,-2.615649066849297,-3.737802064084528,0.47324835920214275,0,0,0
-0.9763658144380315,0.6469953255526648,-2.8170017700232255,2.4585610064845893,2.280692930021964,-0.47313752093666517,-0.030742100260440986,0.9595668166394716,1.37561133129683,1.9233237915983967,-1.1013467297017658,0.3506400520640998,-0.2109250361484845,0.2872650385937587,-0.3522744713724437,-0.236083365336185,2.9318434452661513,-0.5081945040200105,0.05702949758836762,-0.16060063614534323,0,0,0
3.4200746082357636,-6.384320198759369,0.2565219365800588,0.06608305487352993,-1.7616312417182503,-6.722818967468693,-3.5225061466695067,0.3354629779316558,-3.5035039701535964,4.780390817858912,1.030585108657766,-1.5201370077716971,2.1284103947890562,-2.3930345960576602,-3.395236443111079,-1.4337877258878764,1.072940361784796,-9.406146317299905,0.021833292996469834,-0.9740750204355403,0,0,0
2.653267206884139,-0.6522800022737871,-2.0031810711487337,1.6051917863371317,3.0097266552188615,0.9565312939246143,-1.6310442138871457,1.487972068946401,2.447867694617475,1.038422172640191,1.7780844192745502,0.485205998820868,-1.323478804230321,-1.5002691459041972,2.4769593938049006,0.4082503001874378,-0.27321513852139817,-0.8144836305786491,-1.7598504326464113,1.1400252628950238,0,0,0
1.8174152785701132,2.370314028170996,-1.2468180914259626,-1.256441343744085,1.2344241700241254,-2.0510239580881438,-2.8834245777918475,0.29946111416467047,2.7677382268303496,0.8332071720574711,2.2599903288853005,0.050441825327867035,4.181067951719977,-1.2013934845744445,-0.05120376270367437,2.351522322055024,3.0243265402906405,-2.51267831522424,0.17952158296911194,-0.21663400117376344,1,1,1
2.55907142873913,-3.7842299387426084,-0.2270302095230167,-1.957764037432727,1.5110326066763402,0.9739587447895893,3.2616695552442643,1.1756204758929891,0.9027974605880038,1.7009869694507245,0.05974969382866423,-0.14006286035827767,1.534867200256024,2.1285605017917866,2.1835622879797745,-2.1184908218680505,0.47134074407828375,-3.9490501177698802,-1.0776356520137669,-1.0355553790126852,1,0,1
-0.34456723919713206,-0.2063712553010297,0.586426353437099,-0.9946631968105429,-2.1674233367636564,2.7898040502703734,2.977431775527581,0.5048822285674935,0.9758885542466216,-0.7164031738254186,0.7205813560481207,1.440194061229937,-1.7021050620340115,-0.34868034250497776,0.35391135897276604,-0.06750134167600688,-2.599106273769043,0.7108286704387871,0.7676584077257945,0.7586029746562128,1,1,1
-3.886486048214499,0.10356106467336826,3.3258281242353354,-1.821831727720783,3.3527986852790934,-1.13001196904811,0.7415962444597317,-0.3293182467720978,-3.2514109373950966,1.1339277793294487,-2.1455908471700917,0.07909055849994429,2.966146019197822,0.8543101143540472,0.19298927040046698,-2.005235108910536,-1.4761966262828439,-1.5731499117941656,-1.875722721159669,2.5173911876606674,1,0,1
-6.02166776366455,0.8140531085534468,6.605202036466856,-0.479063080566593,1.4660542234467682,0.5721578975722672,-0.0581841397775102,-1.2321236075144204,-4.468171251913469,-0.3323679793130176,-3.946136706634094,-0.47354340720053356,0.3504097926582976,0.91385855901837,-1.2325156353542976,-3.7730358493672242,-1.9626419487948987,3.5618613661724674,-1.042704376797501,0.1919685773417562,1,1,1
-13.19728065133615,2.713214214831629,-0.30572062793069454,-0.26738528211473367,1.84356869108009,-1.6228774796438807,2.4859084423733844,-1.204621154003712,-0.5096910687273373,-3.2605739660721276,-3.218660593933543,-0.09246123286955558,0.3010577453028408,1.6594642003075604,-2.632712358248475,-0.605900041438875,0.5898988112995681,2.256940497268421,-6.132163241662184,0.041230228844474075,0,0,0
4.2972687037924615,-2.3402627456649725,-2.3530304347096114,-0.45324582927563384,2.108878663042455,0.2856643858245403,-2.538152776814957,-0.14181106111857586,3.769997190872517,0.8704597684631353,2.0079693948054587,-0.6844614380194702,-1.9012964053689305,-1.5513626038872532,1.6664578049817762,-0.8054476290316382,0.616705049757989,-2.9420663438929395,0.7077341009143034,-0.8721738261837424,0,0,0
-9.63398645003872,-1.9260748913033328,2.9061424430392937,0.11399724408175305,-4.182246040754949,0.5322134075852708,5.753202187433082,1.114633939910336,2.403653742959144,-4.304418989633672,-5.027031379259664,0.9052330008308199,3.8862765249588755,0.7043920049046337,-4.045763867799038,-0.2419572677296786,2.3930606988448577,1.4231662125248834,-3.6892068472655453,-0.7847499844053101,0,0,0
-3.783110312030723,-7.069674202280665,2.888986581456088,0.2208946139591195,0.045759393911293154,-1.38546040164839,0.29381147739799446,-1.0306337089188802,6.889304896312583,-5.804876840081616,-1.4234886284045187,0.4053386881471264,2.318778559748027,-2.046535899245662,-2.2351611713682145,-3.9527541811016516,-2.4044530619339364,-9.828068686332102,2.742484785340845,2.1065016762679125,0,0,0
-1.2781582367045088,1.528767422335249,-1.62047064997242,-1.2454635744754425,-3.503511824651806,-1.4192510589565601,-0.08691993691879304,0.05999386961826683,0.6699116009314549,-1.5979491315648324,0.3168218182322936,0.5919733977404114,-0.5756447915168975,2.3808742440682864,-1.445996820902136,-0.22935577163196885,4.806682887661302,2.4076230056851564,-0.5778516218174823,1.2444181881978864,1,1,1
0.5669508451568304,-2.952019380954895,-2.0308349936163195,0.9927606960688532,0.5403066623938784,-4.2559876691244405,-3.0177977203045154,2.0524151990364,1.1680381683167242,1.4496309156999583,4.972752970385489,0.39537563010644594,-1.7948203143696757,-1.183042819827126,-1.1269139234525314,-2.5859733937929072,-1.4905694118993105,-9.292468516656804,-0.294665921390853,-0.78734088089123,0,0,0
-8.089751563373596,0.30557943657597014,0.11053770930939609,0.12791983048735125,-1.0590225443188888,-1.139581383704475,3.760264885497166,1.6313124609213747,-1.1995143736605105,-3.5206434417301016,-2.5882323372689293,-1.2897275936871497,0.9041711883001033,0.7872063232340093,-1.7425167921825244,0.5525485088669674,-1.7517780803120944,-0.0031449518987442765,-2.5742506691464713,0.1277529256341843,0,0,0
0.940197579130666,-5.642635635781519,1.4149415061029846,0.46260201584220817,-0.7709350686090757,-0.6453380198851935,-0.8418952965834775,-0.9027535111533629,7.471968763633871,-0.130580409277628,3.0626015188496973,0.775059972709674,2.0159512787722895,-0.945662825362868,-3.555299260246394,-3.320462391556463,0.8061699928535642,-9.58411262448581,2.071312503106411,1.576061718778743,0,0,0
9.474494208340582,-1.8418653865124353,11.658386132727895,-2.050161383819851,-0.15837665293203002,0.47829713499406434,-2.780803862276322,-0.9104777237832024,-13.852715014512462,4.784644185460593,-1.6377449250525442,-0.1291066809155573,3.444139234328685,2.2856375518802436,2.4840922907698313,-2.413639780519021,-4.527160842225958,4.437369119597516,1.5284053832157263,-0.16223327856376338,0,0,0
-8.728304599032182,0.4900906770739641,5.550845045773664,1.381312084887417,-0.9022779913553769,2.020513191408631,4.202189430893761,0.4214267903335462,-0.5579404633550283,-2.099752611793255,-6.7169034069766775,0.19192890360896966,4.995388966307814,-1.9142213164645414,-3.2054895151891434,1.4484419634661176,-1.2268079321827277,3.6868656968868456,-1.6158447498309592,1.4992222710842582,0,0,0
1.4906563494060734,-1.2572508283592985,-2.254884947220815,2.0419070631539,0.8658568643108729,-2.314796714802944,-3.0713599242986036,-0.8743428565799416,2.2649187618452804,0.9531868048438774,0.03314442137363979,0.8864884414015926,0.7091643462970451,-2.359566826587848,-1.6443056084418044,1.0756622583822857,2.0323426222111767,-3.182956379497112,1.5377372987390094,0.5741249396501384,0,0,0
1.0262195037527975,2.8510496614372753,6.948908946938779,-0.4598623724495174,0.35474015821995436,5.210634988449024,0.9518682418828843,-0.30845236499914735,-0.9974596385895863,3.2886978199578674,-1.893170999325376,-0.822739464352056,3.9295830321682566,2.25711904333231,-0.6312089416773391,-0.5493048545807898,3.165449253283501,8.464872724374688,-1.6641935634081284,0.5621602792121229,0,0,0
-1.5468052988992722,0.9018883153634358,-1.853693065319796,-0.7232538696531299,0.14551675528255248,-1.314589693273797,0.8911024260801124,-1.0490906831109381,3.988425790409016,-0.17624992438502057,2.3076500253976606,1.4904086773547363,2.6663843975843085,-0.42076509291333875,0.2660534167767684,0.22825611140536106,1.7451179804894839,-4.809852013788458,-0.7563688505264453,-2.2777535498054857,1,1,1
1.5298519872823273,-1.5632063545335915,3.7222954791017084,0.5371723264039208,0.06869893038104914,-2.8371114410086204,-0.9334818586023541,0.8680283171823194,-7.853862697173802,3.955053215203318,-0.0590029379195271,1.3418143724264842,2.874873510670284,-2.132774388618853,2.588989410431226,0.18506455084964554,-2.2621311310612,-1.0374304682969606,-5.694721227034568,1.3725180730551791,0,0,0
-1.611586551031526,0.15528532474004367,1.2236684981361394,-0.3430340705514893,1.9598943829882036,0.9463602487785283,1.8816319066447291,0.7005631198558041,2.5695811796273524,-1.0962629530878611,1.9845408523773302,0.9389901091060968,3.3016472366947656,0.9076586607432988,1.5169165096830455,0.018316737494422603,-1.0624152491230163,-2.467745488478166,-3.4621123943022285,0.7930586978501603,0,0,0
0.8077599062887476,-0.056456801826846766,5.930152989280902,1.0421106359907988,-0.9464752460394562,-3.7157549581386378,-2.395994749009614,-0.3932404533665331,-7.373944946534858,2.1061201024558014,-2.8810053640318327,-2.919898035734804,5.393580112451363,0.340415100851465,-1.4589965104156601,-0.7194172013932325,0.904438083332454,0.12073389841571223,0.8463820898684942,0.4034912090487268,0,0,0
-2.2631455407728764,1.856082035953593,-5.636548574760325,-0.033333319981538954,0.5115537081549262,-5.381457055672956,1.12473172665409,-0.2261187839584874,-1.8195240146659273,3.174568789846329,0.588622065155623,-0.39944980389309637,3.119428219181652,-0.6350857632895948,0.37243193658229656,2.5926753686075927,3.344523963973969,-5.007550453693745,-3.028992977378007,-0.9068309722966187,0,0,0
0.35742564649599945,-2.055765023563504,4.195580948330726,-0.5143234400254368,-2.037089103868856,4.284457305991525,2.34854926030044,-1.1137742154707515,4.968389815688029,1.0808196545225282,-0.065767434218307,-0.0250111530459658,3.2739571079657614,-1.2557476637408294,-3.543574715101688,0.2881381832288718,0.21941706776700468,-0.20987157023064695,1.1194408052650477,-0.040998125252152726,0,0,0
2.8038999940917417,-2.4178630630321964,0.41216000514485146,-0.6628298568974247,1.4928421535867997,-0.5800643112079541,-2.35108069359618,-0.04495996566286472,1.7061363453792202,1.2175322898236551,1.2704091715826915,-1.4406538095724202,0.040063466088346926,-0.06950116630603476,0.45137545972220905,-2.1041947545842525,1.3867995311997212,-2.6797779981135967,-0.234386123370508,-1.746821622211579,0,0,0
-6.5443165751744035,1.0178451152151717,-5.594996040066946,1.1808780981445905,3.0727833612684803,-4.277139114699967,0.2301799923916461,0.864770383896192,5.3107715496254615,-2.2222271593254224,-1.4894461852912346,1.56896941449043,1.6471309868781807,-0.2684386732609565,0.22337531216998052,-1.2742252442042783,4.593271358469152,-6.422574451250138,-0.036319065451131935,0.9719451147696315,0,0,0
-1.5276729672542417,2.248838956281559,-4.033923880051778,0.23090382216067692,-0.5110281625248619,-1.7560067678582139,1.7357728026026835,-1.8103345965142204,2.467628719771229,-0.7707416575488871,1.4679401640177705,1.7795451208205133,0.9131238800006436,0.7589741113433974,1.3541024575358875,0.35453699477031037,2.3627667548826343,-3.3290768354465192,0.6243634795227389,1.1460066976327172,1,1,1
-3.7254959343740133,2.883715252440199,-2.8075970291143055,-0.5699986166039465,0.23898281431064206,-2.352445430378233,-0.1269417095961461,2.399955719033581,0.4981679059531415,-0.5923677963031223,2.860489765469423,1.019961756545273,0.07911095726800271,-0.8444520236836506,0.6879681974689354,1.4964907973836015,-0.23722796519041522,-1.9006440099742368,-3.705400211041596,0.33520861283276615,1,0,1
11.414300142992966,-2.747049118912688,2.223222497597835,0.45388797456113994,-0.5435639906808866,2.2466927865665487,-4.291664980765968,-0.4480983648862242,-1.1230546809902482,4.744188259194484,5.187030624097389,-1.3985395978140316,-1.1598363198202752,3.1331111800412863,-1.4110886539855712,-0.15025917856730867,1.849910775054191,2.971242462783109,-0.9436488142224011,-0.20622566974232398,1,1,1
-0.06617448957071205,-3.1369843826376043,-3.25567747648653,-0.6130196437998797,0.9630390009440343,0.24273223298244903,-2.7756233574947444,0.2680112066577311,8.131798764892588,0.2874142119743348,1.0867780067625568,2.036842424920232,-3.9160929578491124,-4.28700530368735,0.09614893631726948,-2.748131754947831,2.7103292476247463,-4.010837150222639,0.24203570912564062,2.477836590298058,0,0,0
0.8290398917891907,-2.6882034854980175,-0.8350212527467329,-0.5495472801368799,2.3808348188663526,0.9155804298337479,1.561683170915061,1.813028618618363,-1.8501516042901152,2.9522795866239195,-0.9429963630982465,1.093104656541674,0.12939536744759217,1.4818630868081022,-2.5773895771837223,1.468419836932403,-1.3591643848277641,-0.13961681970217238,-1.5140344656557703,0.018784886109058315,1,1,1
-1.4930966516555773,1.2087289778779384,2.873910597598664,-1.814545092430169,-1.1335520680206426,-4.60015379983356,-0.41170993705956554,0.30556343750771003,-9.009722487347753,2.66374193026843,-2.887930667825141,-0.6840879661858998,5.079356332617046,-0.5717917102209554,0.05304526678963332,1.8396242631867563,0.7829153157859946,1.1137652714597528,-3.6791002280516523,-0.11506923766578561,0,0,0
-4.735497229255923,-1.3129671618279044,0.8635841928572807,0.4120038283950557,3.282958143988256,-0.6251861372170203,0.08435886097490106,-0.1924162191306,-0.8114031791814194,-0.7210312625182688,-3.926171630462844,1.589271239827185,1.2861513016285735,0.2591389891432775,-2.745522481029487,0.21120478063395773,-0.5451341406626694,0.5087272513238824,-1.5131534418357033,0.7436139966040067,0,0,0
-0.8530526097982343,-0.32234859879932437,-7.089791129794351,0.7592880305655045,0.4468691140451578,-5.0897312635328635,1.2657187849922966,1.3903564146947798,1.9112211872074587,1.2690936557042205,3.1116866957469473,-0.47889833217596955,1.520913545071795,-2.3051140629517315,5.054124983234204,0.9260566882674718,2.96699858186395,-8.056038139320211,-6.003286863123433,-0.43869053854042905,0,0,0
10.87292443939295,-3.7650381909821777,2.471425975125566,-0.017868617787492217,4.481563612015203,-1.1274250138411883,-4.640961594240698,1.886106061557736,-6.69212525790675,4.299390473537194,-2.6157744661226254,-0.7811804115420431,4.098974337556387,0.6126789139722747,1.3126674201906494,2.6439690132818336,0.24213366485427285,1.8036739874614016,0.3503725699837032,0.8600447578192172,1,1,1
-5.723155550785149,-0.14164725487540406,-6.209821448348734,-1.2574958237121303,2.130586619547806,-5.172573905614511,2.6803792339461694,0.45863936289448093,6.403608763291515,-0.2592187526404621,4.561437722262146,-0.5260528053278308,3.7150828235253934,0.3623011615987474,1.5811689740315562,-1.4384245322602873,3.084651860499759,-12.95586526383117,-4.721968511533252,1.1247633263249737,0,1,0
-0.25800666450664744,-1.9896207714577037,-7.700027798589404,-0.6775177018913615,1.8023464449438924,-1.1728140122620885,-0.5053971556896019,0.8362865090295648,6.759177435521531,0.5928206601407281,0.8024330365517649,0.8670644941917673,-1.9030905088742318,-1.7914259741470429,-2.160836600130708,1.8591826165412517,3.0483456598230836,-4.613720880054343,0.5336589590045854,-0.024179667765086676,0,1,0
4.212979201283808,-1.9207175426619667,0.0206812911765959,-0.28942790964660275,5.654867649244367,-1.6885709700790188,-2.7045640689734287,1.1862740087038344,-4.125025403388593,2.14752133675963,0.1470814291034226,-0.5225677293047292,1.983808161878748,3.5566357093420438,-0.7512734604083177,1.0144870768308667,-0.9580337832641466,-0.9549715990919067,-1.044777032693465,-0.9129884922628145,1,1,1
-2.5017276345686774,-4.673997769277404,9.290307621168363,-0.7114998072563473,3.366667713502802,0.5748190197157887,-2.847152395340373,1.067252199534229,-7.376661688291368,2.7474592006225076,-3.534203903773692,-0.473897748241577,0.23850090160708026,3.8496883954366514,-6.701596688963485,-4.0506848088884695,-2.411903182477609,4.350182361920365,-3.6653499227234065,-1.4137419268432574,1,1,1
2.280477965066816,2.6556902374047207,-2.3305695219553213,0.2699377029018233,-1.9438523313554639,-2.488259555680573,-1.5915090123748628,1.4485508167996024,-1.4390621754274635,-0.7284937652648038,-0.423533969873849,-0.8107948044690833,1.486930843221765,1.347180050050071,0.012951754530710792,2.3713190844791256,4.171029701965166,2.1760634872195994,1.78605821255786,-1.3085925289829878,1,1,1
0.6923721556675005,-2.740248161665814,2.487591657920477,-1.6125936015691424,2.1728166272055764,-0.24665804913274728,-1.8437409878720403,0.7295379571012404,2.361187597514399,2.4677832285382366,1.8767644169833138,1.8814719474021264,1.6007262302863847,-0.5610271987263304,-2.326836486090245,-2.5406343791984622,-0.497109203099779,-5.277370024189491,0.4367284987177661,-1.0453608458674881,0,0,0
-0.23034732305836517,-1.0515109451387252,0.5626020450357317,2.4349734774613365,-0.630103936568068,-1.2574129151808966,0.03284279839391915,0.792019045176103,2.585909681430412,0.39424078189961526,2.877493400399458,-1.0279775532821214,1.0124682193139471,-1.760954274564193,0.6649452268373601,-2.1339763484983663,-1.1901391185734187,-6.779290060804616,1.013739936758039,0.21158741778317805,0,0,0
7.614929990650295,-2.1233127545155335,1.3019418674626457,-1.0718635404407495,0.770926311978839,1.0099856021353522,-1.7957651999689843,0.752756884100484,-2.3539141794396192,4.200452065578932,0.9337309764022881,-1.2314892432010094,0.4305973592824746,0.5859883848807971,-0.43582630298260017,0.4814543864924196,-0.3327243500248655,0.11904090875333517,2.2246579582625325,-0.9750349133533368,0,1,0
